incident_id,opened_at,customer,environment,service,severity,criticality,recent_alerts_1h,error_rate_15m,cpu_p95_30m,failed_signins_30m,sql_dtu_max_30m,vm_heartbeat_gap_min,deployment_within_2h,keyvault_denials_30m,sla_breached
INC-00001,2026-05-14T16:34:00.549743+00:00,fabrikam-clinic,prod,appservice,Sev3,high,17,0.1252,75.06,6,0.0,0,1,1,0
INC-00002,2026-03-06T00:22:00.550009+00:00,northwind-campus,prod,appservice,Sev1,medium,22,0.0428,28.03,9,0.0,0,0,7,0
INC-00003,2026-05-14T12:58:00.550023+00:00,fabrikam-clinic,prod,appservice,Sev3,high,21,0.0386,38.55,14,0.0,0,1,15,1
INC-00004,2026-04-08T18:26:00.550034+00:00,northwind-campus,prod,sql,Sev1,medium,10,0.0147,55.58,7,79.41,0,0,0,0
INC-00005,2026-03-28T20:43:00.550045+00:00,fabrikam-clinic,stage,sql,Sev2,high,23,0.0621,34.26,3,60.48,0,0,0,1
INC-00006,2026-04-01T17:02:00.550056+00:00,northwind-campus,stage,vm,Sev3,medium,11,0.0123,24.64,10,0.0,43,0,0,1
INC-00007,2026-03-14T20:26:00.550065+00:00,contoso-retail,prod,sql,Sev2,high,21,0.0981,29.33,1,14.48,0,0,0,1
INC-00008,2026-05-30T13:18:00.550074+00:00,northwind-campus,prod,sql,Sev3,medium,24,0.0477,80.55,8,50.71,0,0,0,0
INC-00009,2026-03-24T16:38:00.550083+00:00,contoso-retail,prod,appservice,Sev4,high,4,0.124,53.92,17,0.0,0,1,7,0
INC-00010,2026-03-16T15:17:00.550092+00:00,northwind-campus,prod,sql,Sev3,medium,19,0.035,64.3,11,72.07,0,0,0,0
INC-00011,2026-04-24T14:32:00.550101+00:00,fabrikam-clinic,prod,vm,Sev3,high,19,0.026,21.97,16,0.0,11,0,0,1
INC-00012,2026-05-01T06:17:00.550109+00:00,contoso-retail,prod,sql,Sev4,high,16,0.0654,79.35,4,83.14,0,0,0,1
INC-00013,2026-04-19T06:18:00.550118+00:00,fabrikam-clinic,prod,appservice,Sev3,high,23,0.0724,39.65,13,0.0,0,1,9,0
INC-00014,2026-03-25T01:14:00.550126+00:00,northwind-campus,stage,storage,Sev1,medium,9,0.0912,34.4,16,0.0,0,0,0,1
INC-00015,2026-05-08T15:21:00.550135+00:00,contoso-retail,prod,identity,Sev3,high,1,0.0023,60.95,41,0.0,0,0,5,1
INC-00016,2026-03-20T06:50:00.550144+00:00,fabrikam-clinic,stage,vm,Sev2,high,20,0.0162,94.1,13,0.0,49,0,0,1
INC-00017,2026-04-19T18:40:00.550153+00:00,fabrikam-clinic,prod,appservice,Sev3,high,23,0.0025,72.8,16,0.0,0,1,14,1
INC-00018,2026-05-09T03:44:00.550161+00:00,fabrikam-clinic,prod,identity,Sev1,high,12,0.075,69.17,1,0.0,0,0,6,1
INC-00019,2026-04-04T09:31:00.550170+00:00,fabrikam-clinic,stage,sql,Sev3,high,3,0.0113,53.22,7,61.11,0,0,0,0
INC-00020,2026-04-03T05:28:00.550178+00:00,northwind-campus,dev,appservice,Sev4,medium,10,0.045,52.08,4,0.0,0,0,13,1
INC-00021,2026-03-14T11:38:00.550187+00:00,contoso-retail,prod,vm,Sev3,high,13,0.0508,58.52,8,0.0,27,0,0,1
INC-00022,2026-03-08T06:22:00.550196+00:00,fabrikam-clinic,prod,appservice,Sev1,high,10,0.0526,43.82,12,0.0,0,0,11,1
INC-00023,2026-04-27T02:50:00.550205+00:00,contoso-retail,prod,vm,Sev3,high,3,0.0624,38.69,10,0.0,30,0,0,1
INC-00024,2026-05-26T09:54:00.550213+00:00,northwind-campus,prod,appservice,Sev4,medium,20,0.0727,33.64,13,0.0,0,0,11,0
INC-00025,2026-04-23T08:32:00.550223+00:00,northwind-campus,prod,sql,Sev3,medium,2,0.0592,42.17,17,49.9,0,0,0,0
INC-00026,2026-03-23T14:43:00.550231+00:00,fabrikam-clinic,stage,appservice,Sev2,high,21,0.0678,64.92,14,0.0,0,0,5,1
INC-00027,2026-05-26T19:36:00.550240+00:00,contoso-retail,stage,identity,Sev3,high,5,0.0521,66.37,0,0.0,0,0,4,0
INC-00028,2026-05-09T07:53:00.550249+00:00,fabrikam-clinic,prod,sql,Sev2,high,18,0.0251,37.92,4,79.75,0,0,0,0
INC-00029,2026-04-01T21:07:00.550257+00:00,contoso-retail,prod,sql,Sev1,high,20,0.0103,52.01,2,82.43,0,0,0,1
INC-00030,2026-04-28T23:05:00.550265+00:00,northwind-campus,prod,sql,Sev2,medium,18,0.1453,49.46,3,82.54,0,0,0,1
INC-00031,2026-06-02T02:39:00.550274+00:00,northwind-campus,prod,appservice,Sev3,medium,19,0.0118,63.05,9,0.0,0,0,13,1
INC-00032,2026-04-24T15:58:00.550282+00:00,contoso-retail,prod,storage,Sev4,high,16,0.0714,60.75,11,0.0,0,0,0,0
INC-00033,2026-04-03T05:50:00.550290+00:00,contoso-retail,prod,vm,Sev3,high,19,0.1129,38.19,6,0.0,37,0,0,1
INC-00034,2026-03-26T06:40:00.550299+00:00,fabrikam-clinic,dev,identity,Sev3,high,2,0.0643,72.62,47,0.0,0,0,0,1
INC-00035,2026-05-30T10:45:00.550307+00:00,northwind-campus,prod,storage,Sev2,medium,19,0.0315,24.55,6,0.0,0,0,0,1
INC-00036,2026-03-19T05:50:00.550315+00:00,contoso-retail,prod,appservice,Sev2,high,17,0.0234,72.36,15,0.0,0,0,7,0
INC-00037,2026-03-08T15:57:00.550324+00:00,northwind-campus,stage,vm,Sev2,medium,15,0.0329,71.91,6,0.0,24,0,0,1
INC-00038,2026-03-05T21:36:00.550332+00:00,contoso-retail,prod,sql,Sev3,high,22,0.0125,75.17,15,56.44,0,0,0,1
INC-00039,2026-03-18T19:23:00.550340+00:00,contoso-retail,stage,sql,Sev3,high,20,0.0832,55.73,4,44.34,0,0,0,1
INC-00040,2026-03-10T07:35:00.550351+00:00,contoso-retail,dev,appservice,Sev3,high,11,0.1168,83.11,2,0.0,0,1,14,1
INC-00041,2026-03-07T06:44:00.550360+00:00,fabrikam-clinic,prod,storage,Sev4,high,23,0.0019,86.37,17,0.0,0,0,0,0
INC-00042,2026-03-19T06:24:00.550369+00:00,contoso-retail,prod,identity,Sev2,high,4,0.0124,55.55,33,0.0,0,0,9,1
INC-00043,2026-05-09T00:51:00.550378+00:00,contoso-retail,prod,appservice,Sev3,high,9,0.0477,72.57,0,0.0,0,1,13,0
INC-00044,2026-04-11T04:32:00.550387+00:00,fabrikam-clinic,stage,appservice,Sev3,high,12,0.0203,92.02,16,0.0,0,0,0,0
INC-00045,2026-03-21T20:17:00.550395+00:00,northwind-campus,prod,appservice,Sev3,medium,9,0.0098,71.47,4,0.0,0,0,9,0
INC-00046,2026-05-14T08:36:00.550404+00:00,contoso-retail,prod,appservice,Sev3,high,10,0.0151,59.09,1,0.0,0,0,8,1
INC-00047,2026-05-12T19:10:00.550412+00:00,fabrikam-clinic,prod,vm,Sev3,high,19,0.0883,91.33,18,0.0,33,0,0,0
INC-00048,2026-04-03T04:08:00.550420+00:00,contoso-retail,prod,vm,Sev3,high,24,0.0649,88.65,5,0.0,23,0,0,0
INC-00049,2026-03-09T22:52:00.550429+00:00,fabrikam-clinic,prod,sql,Sev4,high,2,0.0984,35.2,10,39.63,0,0,0,0
INC-00050,2026-03-21T10:31:00.550437+00:00,fabrikam-clinic,prod,appservice,Sev1,high,19,0.0001,55.32,9,0.0,0,0,15,1
INC-00051,2026-04-28T13:33:00.550446+00:00,contoso-retail,prod,appservice,Sev4,high,5,0.0416,53.95,2,0.0,0,0,11,1
INC-00052,2026-05-25T03:26:00.550454+00:00,northwind-campus,prod,storage,Sev2,medium,3,0.0511,70.51,10,0.0,0,0,0,0
INC-00053,2026-04-10T09:30:00.550463+00:00,northwind-campus,prod,appservice,Sev3,medium,20,0.0987,78.44,17,0.0,0,1,3,0
INC-00054,2026-05-24T02:52:00.550473+00:00,contoso-retail,prod,appservice,Sev2,high,12,0.0443,86.08,18,0.0,0,1,5,1
INC-00055,2026-03-12T09:28:00.550483+00:00,northwind-campus,prod,appservice,Sev3,medium,22,0.0654,77.19,12,0.0,0,0,11,0
INC-00056,2026-05-10T01:05:00.550492+00:00,contoso-retail,dev,storage,Sev3,high,15,0.0388,80.55,6,0.0,0,0,0,1
INC-00057,2026-04-14T16:08:00.550501+00:00,contoso-retail,prod,appservice,Sev2,high,14,0.0058,46.91,0,0.0,0,1,15,1
INC-00058,2026-03-18T20:15:00.550509+00:00,contoso-retail,prod,appservice,Sev1,high,21,0.0206,68.52,11,0.0,0,0,8,1
INC-00059,2026-03-18T05:01:00.550517+00:00,fabrikam-clinic,prod,sql,Sev3,high,14,0.059,78.54,18,77.07,0,0,0,0
INC-00060,2026-03-14T03:31:00.550526+00:00,fabrikam-clinic,prod,appservice,Sev3,high,0,0.0733,49.76,0,0.0,0,1,2,0
INC-00061,2026-05-15T03:46:00.550534+00:00,fabrikam-clinic,prod,sql,Sev4,high,12,0.1038,85.9,9,26.55,0,0,0,0
INC-00062,2026-04-17T08:12:00.550542+00:00,fabrikam-clinic,dev,appservice,Sev3,high,13,0.0227,53.81,9,0.0,0,1,9,1
INC-00063,2026-04-21T08:46:00.550551+00:00,northwind-campus,prod,appservice,Sev3,medium,14,0.0673,48.67,1,0.0,0,0,1,0
INC-00064,2026-03-17T01:22:00.550560+00:00,northwind-campus,prod,appservice,Sev2,medium,23,0.0545,34.4,10,0.0,0,1,4,1
INC-00065,2026-05-19T13:40:00.550568+00:00,northwind-campus,prod,appservice,Sev2,medium,22,0.0984,30.9,1,0.0,0,0,1,0
INC-00066,2026-05-11T12:15:00.550577+00:00,fabrikam-clinic,stage,appservice,Sev3,high,19,0.0033,52.77,10,0.0,0,0,2,1
INC-00067,2026-05-06T17:11:00.550585+00:00,fabrikam-clinic,prod,vm,Sev4,high,1,0.047,67.22,12,0.0,8,0,0,0
INC-00068,2026-05-04T12:48:00.550593+00:00,contoso-retail,prod,appservice,Sev2,high,1,0.0753,70.49,11,0.0,0,0,1,0
INC-00069,2026-03-27T21:41:00.550602+00:00,northwind-campus,stage,appservice,Sev4,medium,5,0.19,36.41,7,0.0,0,1,5,0
INC-00070,2026-03-28T13:30:00.550610+00:00,fabrikam-clinic,prod,sql,Sev3,high,4,0.0432,73.86,15,59.57,0,0,0,0
INC-00071,2026-05-17T21:45:00.550618+00:00,contoso-retail,dev,vm,Sev3,high,8,0.0022,51.26,14,0.0,32,0,0,0
INC-00072,2026-05-14T23:51:00.550627+00:00,fabrikam-clinic,prod,appservice,Sev3,high,23,0.1464,89.7,12,0.0,0,1,4,1
INC-00073,2026-03-08T04:06:00.550635+00:00,northwind-campus,prod,sql,Sev4,medium,5,0.0927,69.02,0,50.84,0,0,0,0
INC-00074,2026-05-16T18:20:00.550643+00:00,northwind-campus,prod,storage,Sev2,medium,18,0.0411,49.94,11,0.0,0,0,0,0
INC-00075,2026-04-05T23:51:00.550651+00:00,northwind-campus,prod,vm,Sev2,medium,7,0.0423,28.92,4,0.0,40,0,0,1
INC-00076,2026-06-02T05:42:00.550659+00:00,contoso-retail,stage,identity,Sev1,high,15,0.1018,71.8,20,0.0,0,0,13,1
INC-00077,2026-06-01T21:13:00.550667+00:00,contoso-retail,prod,identity,Sev2,high,9,0.0235,59.37,41,0.0,0,0,1,0
INC-00078,2026-05-11T13:18:00.550678+00:00,contoso-retail,dev,sql,Sev2,high,17,0.0649,64.67,9,26.59,0,0,0,1
INC-00079,2026-03-21T16:21:00.550686+00:00,contoso-retail,stage,appservice,Sev2,high,14,0.1095,67.04,12,0.0,0,1,8,1
INC-00080,2026-04-07T21:58:00.550696+00:00,northwind-campus,prod,sql,Sev3,medium,4,0.0608,36.26,2,90.53,0,0,0,0
INC-00081,2026-03-22T06:33:00.550704+00:00,contoso-retail,prod,storage,Sev3,high,18,0.0446,72.98,6,0.0,0,0,0,1
INC-00082,2026-05-29T09:54:00.550711+00:00,contoso-retail,prod,storage,Sev3,high,12,0.1436,47.88,5,0.0,0,0,0,0
INC-00083,2026-05-30T00:48:00.550720+00:00,northwind-campus,prod,vm,Sev1,medium,17,0.0491,51.23,7,0.0,14,0,0,1
INC-00084,2026-04-14T22:32:00.550727+00:00,fabrikam-clinic,prod,identity,Sev4,high,7,0.0288,37.06,28,0.0,0,0,14,1
INC-00085,2026-05-06T11:56:00.550736+00:00,northwind-campus,dev,sql,Sev3,medium,20,0.0054,54.77,5,59.65,0,0,0,0
INC-00086,2026-05-25T10:25:00.550745+00:00,fabrikam-clinic,prod,sql,Sev3,high,10,0.0466,53.2,18,71.54,0,0,0,1
INC-00087,2026-05-03T14:25:00.550753+00:00,contoso-retail,stage,appservice,Sev2,high,7,0.0344,48.41,14,0.0,0,0,1,1
INC-00088,2026-06-01T08:01:00.550761+00:00,northwind-campus,prod,appservice,Sev4,medium,10,0.0526,82.74,15,0.0,0,0,10,0
INC-00089,2026-04-07T02:30:00.550769+00:00,contoso-retail,prod,vm,Sev3,high,18,0.1113,48.04,3,0.0,7,0,0,0
INC-00090,2026-03-16T15:28:00.550776+00:00,northwind-campus,prod,vm,Sev4,medium,6,0.0104,64.26,5,0.0,2,0,0,0
INC-00091,2026-04-26T05:51:00.550784+00:00,contoso-retail,stage,storage,Sev1,high,16,0.0272,76.31,0,0.0,0,0,0,0
INC-00092,2026-05-07T13:20:00.550792+00:00,northwind-campus,prod,vm,Sev2,medium,5,0.0771,58.82,10,0.0,49,0,0,1
INC-00093,2026-05-31T07:21:00.550800+00:00,fabrikam-clinic,prod,identity,Sev3,high,9,0.1115,70.48,74,0.0,0,0,9,1
INC-00094,2026-03-29T02:41:00.550808+00:00,northwind-campus,prod,storage,Sev4,medium,6,0.0423,69.23,16,0.0,0,0,0,0
INC-00095,2026-05-13T15:46:00.550816+00:00,northwind-campus,prod,sql,Sev2,medium,2,0.045,71.92,11,47.17,0,0,0,1
INC-00096,2026-05-25T20:13:00.550825+00:00,northwind-campus,prod,sql,Sev3,medium,1,0.0859,47.01,0,32.86,0,0,0,0
INC-00097,2026-04-05T05:23:00.550833+00:00,fabrikam-clinic,stage,vm,Sev3,high,0,0.0178,37.88,7,0.0,14,0,0,1
INC-00098,2026-04-26T02:31:00.550841+00:00,contoso-retail,prod,sql,Sev3,high,12,0.0192,39.9,9,57.47,0,0,0,0
INC-00099,2026-05-19T18:57:00.550849+00:00,northwind-campus,prod,vm,Sev3,medium,16,0.0185,85.06,13,0.0,43,0,0,1
INC-00100,2026-05-22T19:19:00.550857+00:00,northwind-campus,prod,sql,Sev3,medium,13,0.0106,54.82,13,47.18,0,0,0,0
INC-00101,2026-06-03T03:23:00.550866+00:00,northwind-campus,stage,identity,Sev3,medium,21,0.0376,75.18,26,0.0,0,0,12,1
INC-00102,2026-03-19T11:59:00.550874+00:00,contoso-retail,stage,sql,Sev4,high,21,0.0206,68.94,3,12.23,0,0,0,0
INC-00103,2026-04-13T22:51:00.550882+00:00,northwind-campus,dev,vm,Sev2,medium,6,0.0374,57.92,14,0.0,28,0,0,1
INC-00104,2026-04-18T14:03:00.550890+00:00,fabrikam-clinic,prod,sql,Sev2,high,10,0.0275,77.29,17,35.66,0,0,0,1
INC-00105,2026-05-12T06:51:00.550898+00:00,fabrikam-clinic,dev,storage,Sev2,high,9,0.0247,63.23,10,0.0,0,0,0,1
INC-00106,2026-04-19T20:32:00.550906+00:00,contoso-retail,prod,sql,Sev2,high,14,0.0338,51.95,15,58.12,0,0,0,1
INC-00107,2026-04-15T03:38:00.550915+00:00,northwind-campus,prod,sql,Sev2,medium,9,0.0488,42.48,13,62.24,0,0,0,0
INC-00108,2026-04-30T08:02:00.550923+00:00,northwind-campus,stage,storage,Sev3,medium,14,0.0598,53.54,4,0.0,0,0,0,1
INC-00109,2026-05-24T03:25:00.550932+00:00,northwind-campus,prod,identity,Sev3,medium,18,0.0511,70.24,3,0.0,0,0,10,0
INC-00110,2026-03-15T11:21:00.550940+00:00,fabrikam-clinic,prod,identity,Sev2,high,18,0.0979,45.12,54,0.0,0,0,10,1
INC-00111,2026-04-14T18:01:00.550949+00:00,northwind-campus,prod,appservice,Sev4,medium,12,0.0315,41.17,16,0.0,0,0,9,0
INC-00112,2026-03-17T01:38:00.550957+00:00,fabrikam-clinic,stage,sql,Sev2,high,23,0.0261,52.11,5,38.69,0,0,0,0
INC-00113,2026-05-16T20:43:00.550965+00:00,fabrikam-clinic,stage,vm,Sev3,high,0,0.0611,76.31,2,0.0,39,0,0,0
INC-00114,2026-03-19T10:36:00.550974+00:00,northwind-campus,prod,sql,Sev2,medium,1,0.0161,66.97,17,20.04,0,0,0,1
INC-00115,2026-04-11T23:55:00.550982+00:00,northwind-campus,prod,sql,Sev3,medium,9,0.0444,23.76,18,44.94,0,0,0,0
INC-00116,2026-05-05T12:29:00.550991+00:00,fabrikam-clinic,prod,appservice,Sev3,high,15,0.0296,55.0,7,0.0,0,0,11,1
INC-00117,2026-04-07T17:08:00.550999+00:00,fabrikam-clinic,stage,identity,Sev3,high,23,0.0501,59.06,62,0.0,0,0,4,0
INC-00118,2026-04-29T01:57:00.551007+00:00,contoso-retail,prod,storage,Sev3,high,19,0.0485,26.7,17,0.0,0,0,0,0
INC-00119,2026-04-19T14:41:00.551015+00:00,northwind-campus,prod,appservice,Sev2,medium,20,0.014,61.87,17,0.0,0,0,6,1
INC-00120,2026-04-23T01:46:00.551025+00:00,northwind-campus,stage,appservice,Sev2,medium,0,0.0487,69.59,8,0.0,0,1,0,0
INC-00121,2026-05-07T02:54:00.551034+00:00,fabrikam-clinic,prod,identity,Sev2,high,10,0.0571,60.31,19,0.0,0,0,2,1
INC-00122,2026-05-03T01:02:00.551042+00:00,contoso-retail,prod,appservice,Sev3,high,0,0.0577,51.02,17,0.0,0,0,11,0
INC-00123,2026-04-11T04:09:00.551051+00:00,northwind-campus,prod,appservice,Sev3,medium,2,0.0075,67.02,0,0.0,0,1,0,0
INC-00124,2026-05-15T18:20:00.551059+00:00,fabrikam-clinic,prod,identity,Sev3,high,7,0.0495,53.8,44,0.0,0,0,14,1
INC-00125,2026-03-26T21:17:00.551068+00:00,contoso-retail,prod,identity,Sev4,high,1,0.0392,59.43,46,0.0,0,0,0,1
INC-00126,2026-03-18T23:43:00.551076+00:00,contoso-retail,stage,identity,Sev2,high,14,0.0645,48.4,6,0.0,0,0,6,1
INC-00127,2026-05-03T14:32:00.551085+00:00,contoso-retail,prod,sql,Sev4,high,22,0.0558,79.58,9,26.47,0,0,0,1
INC-00128,2026-04-01T03:05:00.551093+00:00,northwind-campus,stage,sql,Sev2,medium,23,0.0978,45.52,12,40.86,0,0,0,0
INC-00129,2026-05-17T03:38:00.551102+00:00,northwind-campus,prod,sql,Sev4,medium,5,0.0079,50.89,3,78.83,0,0,0,0
INC-00130,2026-05-09T03:39:00.551111+00:00,northwind-campus,prod,vm,Sev3,medium,16,0.0029,84.59,17,0.0,8,0,0,0
INC-00131,2026-05-29T09:28:00.551119+00:00,fabrikam-clinic,dev,appservice,Sev3,high,15,0.1456,34.72,8,0.0,0,1,9,0
INC-00132,2026-05-07T14:04:00.551127+00:00,fabrikam-clinic,prod,appservice,Sev3,high,24,0.034,41.49,9,0.0,0,0,12,0
INC-00133,2026-03-19T13:08:00.551136+00:00,fabrikam-clinic,prod,identity,Sev4,high,14,0.056,20.34,22,0.0,0,0,14,1
INC-00134,2026-05-16T16:06:00.551144+00:00,northwind-campus,prod,appservice,Sev3,medium,16,0.0413,53.47,0,0.0,0,0,12,1
INC-00135,2026-03-20T15:42:00.551152+00:00,contoso-retail,prod,storage,Sev2,high,4,0.0038,33.09,9,0.0,0,0,0,0
INC-00136,2026-05-31T20:11:00.551160+00:00,contoso-retail,dev,vm,Sev3,high,11,0.0129,66.91,18,0.0,9,0,0,1
INC-00137,2026-04-08T20:12:00.551168+00:00,northwind-campus,prod,appservice,Sev2,medium,14,0.0288,77.03,15,0.0,0,0,6,1
INC-00138,2026-03-12T07:57:00.551176+00:00,contoso-retail,prod,vm,Sev2,high,2,0.0111,54.55,1,0.0,45,0,0,0
INC-00139,2026-05-24T15:19:00.551183+00:00,northwind-campus,dev,storage,Sev4,medium,23,0.0119,39.21,9,0.0,0,0,0,0
INC-00140,2026-05-13T02:05:00.551192+00:00,northwind-campus,stage,identity,Sev4,medium,3,0.1077,25.39,32,0.0,0,0,15,1
INC-00141,2026-03-30T11:29:00.551199+00:00,contoso-retail,prod,vm,Sev1,high,11,0.0322,58.97,4,0.0,14,0,0,1
INC-00142,2026-04-28T17:34:00.551207+00:00,contoso-retail,stage,vm,Sev3,high,10,0.1246,51.1,10,0.0,46,0,0,1
INC-00143,2026-03-05T00:05:00.551215+00:00,northwind-campus,stage,appservice,Sev3,medium,13,0.0642,47.4,16,0.0,0,0,7,0
INC-00144,2026-04-14T16:02:00.551223+00:00,fabrikam-clinic,prod,vm,Sev3,high,23,0.0664,41.67,2,0.0,50,0,0,1
INC-00145,2026-05-03T07:29:00.551231+00:00,contoso-retail,stage,vm,Sev2,high,3,0.1439,61.6,1,0.0,14,0,0,0
INC-00146,2026-04-17T11:33:00.551239+00:00,northwind-campus,dev,sql,Sev3,medium,16,0.0062,56.87,4,23.32,0,0,0,1
INC-00147,2026-03-13T15:30:00.551248+00:00,contoso-retail,prod,appservice,Sev4,high,14,0.0255,63.57,13,0.0,0,0,0,0
INC-00148,2026-03-05T12:26:00.551256+00:00,fabrikam-clinic,prod,sql,Sev4,high,11,0.0559,39.31,16,68.88,0,0,0,0
INC-00149,2026-04-13T07:43:00.551263+00:00,northwind-campus,prod,appservice,Sev2,medium,16,0.1003,68.94,6,0.0,0,0,0,1
INC-00150,2026-03-06T09:13:00.551272+00:00,fabrikam-clinic,prod,vm,Sev2,high,11,0.1137,56.94,7,0.0,36,0,0,1
INC-00151,2026-04-19T07:57:00.551280+00:00,contoso-retail,prod,appservice,Sev2,high,0,0.0278,29.67,17,0.0,0,0,4,0
INC-00152,2026-04-04T12:31:00.551288+00:00,contoso-retail,prod,sql,Sev2,high,7,0.007,36.3,6,66.36,0,0,0,1
INC-00153,2026-05-16T18:23:00.551296+00:00,contoso-retail,prod,storage,Sev1,high,23,0.0385,47.56,16,0.0,0,0,0,1
INC-00154,2026-05-18T02:32:00.551304+00:00,northwind-campus,prod,appservice,Sev3,medium,23,0.0299,44.35,15,0.0,0,0,5,0
INC-00155,2026-04-28T13:36:00.551312+00:00,contoso-retail,stage,sql,Sev3,high,0,0.0619,80.89,6,17.95,0,0,0,0
INC-00156,2026-05-03T02:12:00.551320+00:00,fabrikam-clinic,stage,appservice,Sev4,high,0,0.0801,53.94,1,0.0,0,0,1,1
INC-00157,2026-03-30T17:34:00.551328+00:00,contoso-retail,prod,sql,Sev3,high,17,0.0768,38.13,12,50.21,0,0,0,1
INC-00158,2026-03-11T01:26:00.551337+00:00,northwind-campus,prod,vm,Sev3,medium,13,0.0814,55.11,9,0.0,20,0,0,1
INC-00159,2026-05-07T15:48:00.551345+00:00,fabrikam-clinic,prod,identity,Sev4,high,2,0.0119,31.59,8,0.0,0,0,1,0
INC-00160,2026-05-21T22:44:00.551354+00:00,contoso-retail,stage,appservice,Sev2,high,8,0.025,33.38,14,0.0,0,1,7,1
INC-00161,2026-04-27T06:27:00.551362+00:00,fabrikam-clinic,prod,appservice,Sev3,high,18,0.0844,57.05,4,0.0,0,0,1,0
INC-00162,2026-03-20T05:31:00.551370+00:00,northwind-campus,stage,vm,Sev3,medium,3,0.0131,51.56,1,0.0,31,0,0,1
INC-00163,2026-05-04T01:51:00.551379+00:00,fabrikam-clinic,prod,vm,Sev4,high,15,0.1274,34.68,2,0.0,5,0,0,1
INC-00164,2026-05-12T06:59:00.551387+00:00,northwind-campus,prod,vm,Sev3,medium,14,0.0313,54.7,12,0.0,35,0,0,1
INC-00165,2026-05-01T03:12:00.551395+00:00,contoso-retail,prod,sql,Sev3,high,11,0.0564,61.85,11,53.14,0,0,0,0
INC-00166,2026-05-13T07:21:00.551403+00:00,northwind-campus,prod,appservice,Sev1,medium,21,0.0644,59.41,9,0.0,0,0,6,1
INC-00167,2026-05-29T22:08:00.551411+00:00,fabrikam-clinic,stage,appservice,Sev2,high,16,0.0393,42.3,15,0.0,0,0,10,1
INC-00168,2026-04-24T19:23:00.551419+00:00,fabrikam-clinic,prod,appservice,Sev3,high,22,0.0339,53.78,16,0.0,0,1,11,0
INC-00169,2026-05-30T04:41:00.551428+00:00,fabrikam-clinic,prod,storage,Sev4,high,10,0.0036,52.34,15,0.0,0,0,0,1
INC-00170,2026-03-11T15:08:00.551436+00:00,contoso-retail,prod,appservice,Sev4,high,12,0.0263,72.28,4,0.0,0,0,14,0
INC-00171,2026-03-15T18:59:00.551444+00:00,contoso-retail,prod,sql,Sev2,high,24,0.1466,59.41,10,30.31,0,0,0,1
INC-00172,2026-05-27T19:16:00.551453+00:00,contoso-retail,prod,vm,Sev3,high,17,0.0878,32.78,18,0.0,48,0,0,1
INC-00173,2026-05-17T16:26:00.551460+00:00,fabrikam-clinic,prod,appservice,Sev3,high,8,0.0387,23.68,8,0.0,0,0,13,0
INC-00174,2026-04-23T18:58:00.551469+00:00,northwind-campus,prod,sql,Sev3,medium,20,0.0506,75.74,16,68.02,0,0,0,0
INC-00175,2026-05-08T20:23:00.551476+00:00,contoso-retail,prod,appservice,Sev1,high,0,0.0217,67.99,5,0.0,0,0,1,0
INC-00176,2026-04-17T21:54:00.551484+00:00,contoso-retail,prod,vm,Sev2,high,1,0.0258,54.59,13,0.0,25,0,0,1
INC-00177,2026-04-27T20:04:00.551492+00:00,northwind-campus,prod,appservice,Sev2,medium,7,0.0264,43.81,1,0.0,0,1,0,0
INC-00178,2026-05-21T03:27:00.551500+00:00,fabrikam-clinic,dev,appservice,Sev2,high,13,0.0499,42.65,7,0.0,0,1,6,1
INC-00179,2026-04-06T00:27:00.551508+00:00,contoso-retail,prod,vm,Sev3,high,7,0.0471,67.58,10,0.0,3,0,0,1
INC-00180,2026-04-07T04:44:00.551516+00:00,contoso-retail,stage,appservice,Sev2,high,5,0.0805,47.22,10,0.0,0,0,6,1
INC-00181,2026-03-06T17:29:00.551524+00:00,fabrikam-clinic,dev,sql,Sev2,high,23,0.0811,35.78,14,27.93,0,0,0,0
INC-00182,2026-04-21T13:34:00.551532+00:00,contoso-retail,prod,vm,Sev1,high,19,0.1164,51.88,8,0.0,37,0,0,0
INC-00183,2026-05-27T20:25:00.551540+00:00,northwind-campus,prod,appservice,Sev2,medium,18,0.0335,69.33,17,0.0,0,0,0,0
INC-00184,2026-05-28T08:33:00.551548+00:00,fabrikam-clinic,prod,vm,Sev2,high,19,0.025,81.14,9,0.0,25,0,0,1
INC-00185,2026-03-23T09:07:00.551557+00:00,contoso-retail,prod,appservice,Sev3,high,13,0.0277,74.4,9,0.0,0,1,14,1
INC-00186,2026-04-04T10:12:00.551602+00:00,fabrikam-clinic,prod,identity,Sev2,high,19,0.0586,56.4,45,0.0,0,0,13,0
INC-00187,2026-05-09T22:41:00.551610+00:00,northwind-campus,prod,identity,Sev4,medium,22,0.0956,84.77,7,0.0,0,0,4,0
INC-00188,2026-03-19T18:18:00.551619+00:00,contoso-retail,prod,storage,Sev2,high,15,0.0099,26.26,7,0.0,0,0,0,1
INC-00189,2026-05-05T10:39:00.551627+00:00,contoso-retail,prod,appservice,Sev1,high,24,0.0275,51.79,14,0.0,0,1,4,1
INC-00190,2026-04-18T07:14:00.551635+00:00,fabrikam-clinic,prod,appservice,Sev3,high,1,0.0566,75.22,14,0.0,0,0,8,0
INC-00191,2026-03-16T06:50:00.551644+00:00,northwind-campus,prod,appservice,Sev2,medium,6,0.0539,27.84,7,0.0,0,0,10,0
INC-00192,2026-05-22T15:42:00.551653+00:00,fabrikam-clinic,prod,appservice,Sev3,high,16,0.0022,82.32,7,0.0,0,0,6,1
INC-00193,2026-04-13T09:59:00.551662+00:00,contoso-retail,prod,sql,Sev4,high,16,0.1213,69.52,8,91.14,0,0,0,1
INC-00194,2026-04-05T08:22:00.551670+00:00,fabrikam-clinic,prod,sql,Sev2,high,3,0.0484,39.92,6,38.26,0,0,0,1
INC-00195,2026-03-20T00:02:00.551678+00:00,northwind-campus,stage,identity,Sev3,medium,4,0.0388,89.38,60,0.0,0,0,10,0
INC-00196,2026-05-14T20:30:00.551689+00:00,fabrikam-clinic,prod,vm,Sev3,high,18,0.0352,65.0,7,0.0,10,0,0,1
INC-00197,2026-05-26T07:26:00.551697+00:00,contoso-retail,dev,identity,Sev1,high,0,0.0515,65.76,44,0.0,0,0,15,1
INC-00198,2026-03-27T01:43:00.551706+00:00,northwind-campus,dev,identity,Sev2,medium,10,0.0198,58.61,60,0.0,0,0,2,1
INC-00199,2026-03-06T11:14:00.551714+00:00,fabrikam-clinic,stage,appservice,Sev3,high,2,0.142,56.14,10,0.0,0,1,10,0
INC-00200,2026-03-25T03:25:00.551724+00:00,northwind-campus,prod,storage,Sev3,medium,2,0.068,83.34,0,0.0,0,0,0,0
INC-00201,2026-04-09T19:14:00.551733+00:00,fabrikam-clinic,prod,appservice,Sev1,high,4,0.1235,51.55,1,0.0,0,0,6,0
INC-00202,2026-03-11T11:00:00.551741+00:00,fabrikam-clinic,stage,identity,Sev3,high,20,0.0256,46.54,15,0.0,0,0,8,1
INC-00203,2026-05-10T19:10:00.551749+00:00,contoso-retail,prod,appservice,Sev3,high,17,0.0619,71.63,0,0.0,0,1,3,0
INC-00204,2026-03-27T00:00:00.551757+00:00,fabrikam-clinic,dev,appservice,Sev3,high,5,0.0248,40.84,1,0.0,0,0,1,0
INC-00205,2026-04-26T15:27:00.551765+00:00,contoso-retail,prod,vm,Sev2,high,16,0.047,81.92,16,0.0,37,0,0,1
INC-00206,2026-03-31T13:29:00.551774+00:00,northwind-campus,prod,vm,Sev3,medium,1,0.056,38.09,0,0.0,13,0,0,0
INC-00207,2026-03-22T07:02:00.551782+00:00,northwind-campus,prod,vm,Sev2,medium,23,0.0103,55.79,12,0.0,49,0,0,1
INC-00208,2026-03-08T11:35:00.551791+00:00,contoso-retail,prod,appservice,Sev3,high,8,0.0827,45.1,16,0.0,0,0,13,0
INC-00209,2026-03-24T10:43:00.551799+00:00,contoso-retail,dev,vm,Sev3,high,23,0.0362,77.53,1,0.0,30,0,0,0
INC-00210,2026-04-13T21:11:00.551807+00:00,contoso-retail,prod,vm,Sev1,high,20,0.0421,53.69,8,0.0,38,0,0,1
INC-00211,2026-05-04T17:28:00.551815+00:00,northwind-campus,prod,vm,Sev4,medium,14,0.0539,71.01,4,0.0,38,0,0,1
INC-00212,2026-05-30T00:43:00.551823+00:00,contoso-retail,dev,vm,Sev2,high,17,0.033,63.14,16,0.0,31,0,0,1
INC-00213,2026-03-11T09:26:00.551832+00:00,fabrikam-clinic,dev,appservice,Sev3,high,7,0.0818,62.33,8,0.0,0,1,13,0
INC-00214,2026-03-12T01:52:00.551840+00:00,northwind-campus,dev,sql,Sev4,medium,10,0.0306,44.27,4,26.6,0,0,0,0
INC-00215,2026-05-05T09:10:00.551849+00:00,fabrikam-clinic,prod,identity,Sev4,high,21,0.0268,60.99,43,0.0,0,0,4,1
INC-00216,2026-04-11T19:02:00.551857+00:00,fabrikam-clinic,prod,appservice,Sev3,high,23,0.0567,62.92,15,0.0,0,0,13,1
INC-00217,2026-05-07T17:51:00.551866+00:00,contoso-retail,prod,sql,Sev4,high,8,0.0981,83.95,1,47.51,0,0,0,0
INC-00218,2026-04-04T07:12:00.551875+00:00,northwind-campus,prod,appservice,Sev4,medium,10,0.0346,50.28,12,0.0,0,0,14,0
INC-00219,2026-06-01T20:56:00.551883+00:00,contoso-retail,dev,storage,Sev1,high,5,0.0175,46.8,0,0.0,0,0,0,0
INC-00220,2026-05-19T14:09:00.551891+00:00,fabrikam-clinic,prod,appservice,Sev3,high,21,0.0269,81.87,8,0.0,0,0,14,1
INC-00221,2026-04-16T12:15:00.551900+00:00,contoso-retail,prod,appservice,Sev3,high,19,0.0065,69.65,10,0.0,0,0,0,0
INC-00222,2026-04-19T05:55:00.551908+00:00,contoso-retail,stage,storage,Sev3,high,13,0.062,36.9,8,0.0,0,0,0,0
INC-00223,2026-03-06T13:02:00.551916+00:00,northwind-campus,dev,appservice,Sev2,medium,2,0.0046,49.19,5,0.0,0,0,4,1
INC-00224,2026-05-30T13:39:00.551924+00:00,contoso-retail,prod,sql,Sev2,high,7,0.0314,65.59,10,64.12,0,0,0,1
INC-00225,2026-03-22T01:29:00.551932+00:00,contoso-retail,stage,vm,Sev3,high,11,0.1482,27.97,8,0.0,37,0,0,1
INC-00226,2026-03-20T09:33:00.551941+00:00,fabrikam-clinic,prod,identity,Sev3,high,16,0.0226,39.62,10,0.0,0,0,15,1
INC-00227,2026-04-12T12:15:00.551949+00:00,northwind-campus,prod,sql,Sev2,medium,6,0.0051,63.59,5,59.15,0,0,0,0
INC-00228,2026-04-19T09:44:00.551957+00:00,fabrikam-clinic,stage,appservice,Sev1,high,16,0.1107,54.72,4,0.0,0,0,13,1
INC-00229,2026-04-21T23:52:00.551965+00:00,contoso-retail,prod,storage,Sev3,high,3,0.0172,62.05,7,0.0,0,0,0,0
INC-00230,2026-03-11T23:54:00.551974+00:00,contoso-retail,prod,appservice,Sev3,high,9,0.0464,40.4,0,0.0,0,0,6,0
INC-00231,2026-04-10T23:22:00.551982+00:00,fabrikam-clinic,prod,vm,Sev4,high,6,0.0236,56.72,6,0.0,1,0,0,0
INC-00232,2026-05-14T08:34:00.551990+00:00,fabrikam-clinic,prod,vm,Sev3,high,12,0.0651,48.32,18,0.0,34,0,0,1
INC-00233,2026-05-09T06:37:00.551999+00:00,contoso-retail,dev,identity,Sev2,high,21,0.0091,75.76,34,0.0,0,0,12,1
INC-00234,2026-03-13T04:22:00.552007+00:00,contoso-retail,prod,sql,Sev3,high,0,0.0375,61.4,5,33.38,0,0,0,1
INC-00235,2026-04-17T02:45:00.552016+00:00,contoso-retail,prod,appservice,Sev2,high,6,0.0282,57.5,13,0.0,0,0,0,0
INC-00236,2026-04-20T08:31:00.552025+00:00,fabrikam-clinic,prod,appservice,Sev1,high,20,0.0235,68.04,2,0.0,0,0,1,1
INC-00237,2026-05-13T13:36:00.552033+00:00,northwind-campus,prod,vm,Sev1,medium,11,0.1185,56.16,6,0.0,44,0,0,1
INC-00238,2026-03-28T19:27:00.552042+00:00,northwind-campus,stage,identity,Sev3,medium,11,0.1149,36.59,0,0.0,0,0,13,0
INC-00239,2026-03-05T13:51:00.552050+00:00,northwind-campus,dev,vm,Sev4,medium,19,0.0261,39.74,15,0.0,10,0,0,0
INC-00240,2026-05-01T11:27:00.552060+00:00,northwind-campus,prod,identity,Sev2,medium,6,0.0754,76.76,73,0.0,0,0,11,1
INC-00241,2026-04-01T23:16:00.552068+00:00,fabrikam-clinic,prod,vm,Sev4,high,4,0.025,56.43,4,0.0,22,0,0,1
INC-00242,2026-03-18T04:09:00.552077+00:00,northwind-campus,prod,appservice,Sev2,medium,5,0.1668,75.12,16,0.0,0,0,4,0
INC-00243,2026-04-13T11:07:00.552085+00:00,contoso-retail,prod,sql,Sev3,high,15,0.0726,65.97,1,76.77,0,0,0,0
INC-00244,2026-05-14T15:23:00.552093+00:00,fabrikam-clinic,prod,vm,Sev2,high,13,0.024,24.29,16,0.0,1,0,0,1
INC-00245,2026-05-27T07:09:00.552101+00:00,fabrikam-clinic,prod,identity,Sev2,high,0,0.0333,92.32,36,0.0,0,0,12,1
INC-00246,2026-03-07T16:11:00.552109+00:00,contoso-retail,prod,appservice,Sev3,high,14,0.0084,53.37,7,0.0,0,0,8,1
INC-00247,2026-06-02T07:40:00.552117+00:00,contoso-retail,prod,vm,Sev3,high,1,0.0096,64.86,8,0.0,28,0,0,0
INC-00248,2026-03-12T09:50:00.552126+00:00,northwind-campus,prod,appservice,Sev1,medium,0,0.1204,57.27,17,0.0,0,0,10,0
INC-00249,2026-05-05T17:51:00.552134+00:00,northwind-campus,dev,appservice,Sev2,medium,21,0.0133,32.65,2,0.0,0,1,9,0
INC-00250,2026-03-14T07:13:00.552143+00:00,fabrikam-clinic,prod,sql,Sev4,high,3,0.0958,46.88,16,82.13,0,0,0,1
INC-00251,2026-03-08T05:59:00.552151+00:00,contoso-retail,stage,storage,Sev1,high,6,0.0302,30.39,16,0.0,0,0,0,1
INC-00252,2026-05-16T01:24:00.552159+00:00,fabrikam-clinic,prod,sql,Sev3,high,10,0.085,31.93,4,54.94,0,0,0,0
INC-00253,2026-04-23T21:42:00.552168+00:00,fabrikam-clinic,prod,vm,Sev4,high,8,0.0796,82.79,16,0.0,15,0,0,0
INC-00254,2026-03-15T03:18:00.552176+00:00,fabrikam-clinic,stage,sql,Sev4,high,23,0.0642,48.34,17,16.58,0,0,0,0
INC-00255,2026-05-16T19:47:00.552184+00:00,northwind-campus,prod,identity,Sev3,medium,15,0.1138,80.76,29,0.0,0,0,13,0
INC-00256,2026-03-18T10:25:00.552192+00:00,fabrikam-clinic,prod,vm,Sev2,high,13,0.0119,33.12,5,0.0,31,0,0,1
INC-00257,2026-03-08T09:04:00.552201+00:00,northwind-campus,prod,vm,Sev3,medium,6,0.2011,59.9,3,0.0,32,0,0,1
INC-00258,2026-03-11T00:16:00.552210+00:00,contoso-retail,prod,sql,Sev2,high,17,0.046,55.49,1,66.51,0,0,0,0
INC-00259,2026-04-04T08:15:00.552220+00:00,northwind-campus,prod,sql,Sev3,medium,20,0.0595,36.83,10,75.09,0,0,0,0
INC-00260,2026-05-16T19:09:00.552229+00:00,contoso-retail,prod,appservice,Sev2,high,19,0.0119,45.94,18,0.0,0,0,9,0
INC-00261,2026-05-22T12:50:00.552238+00:00,contoso-retail,prod,vm,Sev2,high,22,0.0464,65.64,14,0.0,38,0,0,0
INC-00262,2026-04-22T05:46:00.552246+00:00,contoso-retail,prod,vm,Sev2,high,6,0.0657,77.73,16,0.0,0,0,0,1
INC-00263,2026-05-16T18:59:00.552254+00:00,contoso-retail,prod,storage,Sev3,high,23,0.0102,41.77,7,0.0,0,0,0,0
INC-00264,2026-04-06T05:03:00.552262+00:00,northwind-campus,prod,identity,Sev4,medium,18,0.0622,31.88,16,0.0,0,0,0,1
INC-00265,2026-05-30T20:42:00.552271+00:00,northwind-campus,prod,vm,Sev3,medium,15,0.0246,68.73,2,0.0,26,0,0,0
INC-00266,2026-05-07T13:08:00.552279+00:00,contoso-retail,prod,sql,Sev4,high,11,0.1014,55.37,10,27.54,0,0,0,1
INC-00267,2026-05-10T22:12:00.552289+00:00,fabrikam-clinic,prod,identity,Sev2,high,5,0.0182,63.25,39,0.0,0,0,3,0
INC-00268,2026-03-27T07:54:00.552297+00:00,northwind-campus,prod,vm,Sev2,medium,19,0.0178,81.94,13,0.0,9,0,0,0
INC-00269,2026-05-17T10:14:00.552306+00:00,contoso-retail,dev,appservice,Sev2,high,17,0.1357,40.84,6,0.0,0,0,10,1
INC-00270,2026-03-08T14:19:00.552315+00:00,contoso-retail,stage,sql,Sev1,high,1,0.0036,72.69,8,41.62,0,0,0,0
INC-00271,2026-05-02T15:54:00.552323+00:00,fabrikam-clinic,prod,appservice,Sev4,high,6,0.017,20.77,12,0.0,0,0,13,0
INC-00272,2026-03-28T07:33:00.552331+00:00,fabrikam-clinic,dev,vm,Sev2,high,9,0.2152,37.4,4,0.0,40,0,0,1
INC-00273,2026-04-12T16:57:00.552339+00:00,contoso-retail,stage,identity,Sev3,high,3,0.1131,37.04,32,0.0,0,0,3,1
INC-00274,2026-05-10T16:13:00.552348+00:00,contoso-retail,prod,sql,Sev4,high,10,0.1148,88.23,18,53.35,0,0,0,1
INC-00275,2026-05-06T21:40:00.552356+00:00,northwind-campus,prod,vm,Sev1,medium,20,0.003,37.54,5,0.0,45,0,0,1
INC-00276,2026-05-28T00:20:00.552365+00:00,fabrikam-clinic,prod,sql,Sev4,high,8,0.0694,66.76,11,55.35,0,0,0,0
INC-00277,2026-04-21T14:29:00.552373+00:00,fabrikam-clinic,dev,vm,Sev3,high,20,0.0653,62.27,16,0.0,1,0,0,1
INC-00278,2026-05-24T06:32:00.552381+00:00,contoso-retail,dev,vm,Sev2,high,6,0.0515,63.99,14,0.0,18,0,0,1
INC-00279,2026-04-11T23:48:00.552390+00:00,northwind-campus,prod,appservice,Sev2,medium,12,0.0296,71.5,15,0.0,0,0,3,1
INC-00280,2026-05-22T13:41:00.552400+00:00,northwind-campus,prod,appservice,Sev3,medium,15,0.033,55.83,6,0.0,0,0,8,0
INC-00281,2026-04-03T02:27:00.552408+00:00,northwind-campus,prod,appservice,Sev2,medium,3,0.0375,55.87,12,0.0,0,1,7,0
INC-00282,2026-04-06T13:00:00.552418+00:00,fabrikam-clinic,prod,sql,Sev3,high,24,0.1186,40.47,14,49.73,0,0,0,1
INC-00283,2026-03-22T02:01:00.552426+00:00,fabrikam-clinic,prod,vm,Sev3,high,22,0.0615,78.42,16,0.0,50,0,0,1
INC-00284,2026-04-22T14:06:00.552434+00:00,contoso-retail,stage,vm,Sev3,high,5,0.0405,76.28,4,0.0,50,0,0,0
INC-00285,2026-05-31T12:18:00.552443+00:00,fabrikam-clinic,prod,sql,Sev2,high,21,0.0528,90.31,11,59.22,0,0,0,1
INC-00286,2026-04-05T15:44:00.552451+00:00,northwind-campus,stage,vm,Sev3,medium,3,0.0866,32.37,13,0.0,29,0,0,1
INC-00287,2026-04-05T17:09:00.552460+00:00,contoso-retail,prod,appservice,Sev2,high,14,0.1676,20.74,0,0.0,0,0,1,1
INC-00288,2026-04-01T13:43:00.552468+00:00,fabrikam-clinic,prod,sql,Sev1,high,3,0.081,51.5,17,37.79,0,0,0,1
INC-00289,2026-04-15T05:05:00.552476+00:00,northwind-campus,prod,appservice,Sev4,medium,10,0.0779,85.32,15,0.0,0,1,5,0
INC-00290,2026-03-13T22:18:00.552485+00:00,fabrikam-clinic,prod,sql,Sev2,high,23,0.016,67.19,5,74.29,0,0,0,1
INC-00291,2026-04-28T16:15:00.552493+00:00,northwind-campus,prod,appservice,Sev4,medium,2,0.0112,64.24,15,0.0,0,0,1,0
INC-00292,2026-03-25T00:18:00.552501+00:00,fabrikam-clinic,prod,sql,Sev4,high,14,0.0673,55.59,2,39.02,0,0,0,0
INC-00293,2026-05-03T05:56:00.552509+00:00,contoso-retail,stage,appservice,Sev4,high,23,0.017,32.04,3,0.0,0,1,3,0
INC-00294,2026-03-31T09:56:00.552518+00:00,fabrikam-clinic,prod,sql,Sev2,high,8,0.0157,63.42,13,64.97,0,0,0,1
INC-00295,2026-03-28T13:59:00.552526+00:00,contoso-retail,prod,sql,Sev2,high,17,0.0453,79.58,17,28.18,0,0,0,1
INC-00296,2026-05-09T17:40:00.552536+00:00,northwind-campus,prod,sql,Sev3,medium,9,0.1247,60.71,14,27.85,0,0,0,0
INC-00297,2026-03-26T23:47:00.552544+00:00,contoso-retail,stage,appservice,Sev1,high,19,0.0072,32.74,9,0.0,0,0,9,1
INC-00298,2026-04-09T07:57:00.552553+00:00,contoso-retail,prod,vm,Sev1,high,15,0.0688,51.73,5,0.0,47,0,0,1
INC-00299,2026-04-24T16:29:00.552561+00:00,northwind-campus,prod,sql,Sev4,medium,24,0.0192,35.77,7,54.87,0,0,0,0
INC-00300,2026-04-11T13:19:00.552570+00:00,northwind-campus,prod,sql,Sev2,medium,15,0.0238,57.3,14,65.47,0,0,0,0
INC-00301,2026-04-11T10:16:00.552578+00:00,contoso-retail,stage,vm,Sev3,high,18,0.0141,67.18,16,0.0,23,0,0,0
INC-00302,2026-03-10T22:52:00.552586+00:00,northwind-campus,prod,storage,Sev3,medium,5,0.0238,39.73,14,0.0,0,0,0,0
INC-00303,2026-05-21T18:59:00.552594+00:00,fabrikam-clinic,prod,appservice,Sev3,high,14,0.0198,90.85,6,0.0,0,1,5,0
INC-00304,2026-03-09T20:11:00.552602+00:00,contoso-retail,prod,storage,Sev2,high,12,0.0186,90.64,12,0.0,0,0,0,0
INC-00305,2026-05-15T13:27:00.552610+00:00,northwind-campus,prod,sql,Sev2,medium,9,0.0944,94.89,17,43.09,0,0,0,1
INC-00306,2026-05-27T04:28:00.552619+00:00,fabrikam-clinic,dev,identity,Sev4,high,7,0.0442,27.2,30,0.0,0,0,15,0
INC-00307,2026-04-07T00:11:00.552628+00:00,northwind-campus,prod,vm,Sev4,medium,9,0.0853,58.68,5,0.0,34,0,0,0
INC-00308,2026-03-07T11:48:00.552636+00:00,fabrikam-clinic,prod,vm,Sev3,high,9,0.0815,55.73,14,0.0,13,0,0,0
INC-00309,2026-05-08T23:03:00.552644+00:00,contoso-retail,prod,vm,Sev2,high,21,0.0031,37.41,10,0.0,12,0,0,1
INC-00310,2026-04-18T10:11:00.552653+00:00,contoso-retail,stage,sql,Sev3,high,4,0.0659,39.25,10,28.4,0,0,0,0
INC-00311,2026-03-10T21:55:00.552662+00:00,northwind-campus,prod,sql,Sev2,medium,3,0.0158,37.84,7,48.83,0,0,0,0
INC-00312,2026-05-04T18:45:00.552670+00:00,northwind-campus,prod,appservice,Sev2,medium,3,0.1646,24.91,2,0.0,0,0,15,0
INC-00313,2026-05-11T03:04:00.552678+00:00,fabrikam-clinic,prod,appservice,Sev4,high,8,0.008,91.57,3,0.0,0,0,10,0
INC-00314,2026-05-05T12:29:00.552687+00:00,northwind-campus,prod,appservice,Sev2,medium,20,0.065,40.76,10,0.0,0,0,12,1
INC-00315,2026-05-21T23:31:00.552695+00:00,northwind-campus,prod,appservice,Sev3,medium,23,0.0859,60.91,11,0.0,0,1,9,1
INC-00316,2026-04-13T13:25:00.552703+00:00,contoso-retail,stage,appservice,Sev2,high,4,0.0854,73.05,7,0.0,0,0,0,0
INC-00317,2026-05-16T18:38:00.552712+00:00,northwind-campus,prod,sql,Sev2,medium,6,0.0005,61.23,17,46.74,0,0,0,1
INC-00318,2026-06-01T16:22:00.552720+00:00,fabrikam-clinic,dev,appservice,Sev2,high,7,0.1038,55.54,4,0.0,0,0,8,1
INC-00319,2026-05-25T15:56:00.552729+00:00,contoso-retail,stage,vm,Sev2,high,15,0.0414,80.72,16,0.0,23,0,0,1
INC-00320,2026-06-01T20:35:00.552738+00:00,contoso-retail,dev,appservice,Sev3,high,6,0.0694,49.05,18,0.0,0,1,9,0
INC-00321,2026-05-17T01:12:00.552747+00:00,fabrikam-clinic,prod,sql,Sev3,high,22,0.0605,35.69,9,25.16,0,0,0,1
INC-00322,2026-05-06T00:59:00.552756+00:00,contoso-retail,prod,vm,Sev2,high,12,0.1214,84.61,0,0.0,39,0,0,1
INC-00323,2026-04-24T08:47:00.552764+00:00,northwind-campus,prod,identity,Sev3,medium,10,0.0048,32.37,36,0.0,0,0,6,0
INC-00324,2026-04-07T01:52:00.552773+00:00,northwind-campus,prod,identity,Sev2,medium,15,0.0364,84.93,18,0.0,0,0,6,1
INC-00325,2026-03-24T21:22:00.552781+00:00,contoso-retail,stage,vm,Sev4,high,16,0.0795,33.87,11,0.0,43,0,0,1
INC-00326,2026-03-12T13:10:00.552789+00:00,northwind-campus,prod,identity,Sev2,medium,24,0.0619,50.99,70,0.0,0,0,14,1
INC-00327,2026-03-25T15:04:00.552797+00:00,fabrikam-clinic,dev,identity,Sev4,high,13,0.1362,59.9,46,0.0,0,0,9,0
INC-00328,2026-05-27T23:09:00.552805+00:00,fabrikam-clinic,prod,vm,Sev3,high,12,0.0216,82.78,2,0.0,47,0,0,1
INC-00329,2026-06-03T07:30:00.552813+00:00,fabrikam-clinic,prod,sql,Sev4,high,1,0.0009,47.35,8,57.21,0,0,0,0
INC-00330,2026-04-16T13:06:00.552822+00:00,contoso-retail,dev,appservice,Sev3,high,19,0.0428,55.99,12,0.0,0,1,11,1
INC-00331,2026-04-25T10:27:00.552830+00:00,contoso-retail,prod,appservice,Sev4,high,8,0.0061,41.65,13,0.0,0,0,15,0
INC-00332,2026-05-26T21:55:00.552838+00:00,fabrikam-clinic,prod,sql,Sev3,high,11,0.0024,71.43,11,57.74,0,0,0,1
INC-00333,2026-04-19T22:54:00.552846+00:00,northwind-campus,prod,identity,Sev1,medium,11,0.094,62.84,8,0.0,0,0,9,0
INC-00334,2026-03-23T05:19:00.552855+00:00,contoso-retail,dev,sql,Sev4,high,21,0.0522,78.62,5,23.14,0,0,0,1
INC-00335,2026-04-03T14:44:00.552863+00:00,contoso-retail,prod,appservice,Sev2,high,13,0.0138,58.9,7,0.0,0,0,11,1
INC-00336,2026-04-13T09:46:00.552871+00:00,northwind-campus,prod,appservice,Sev2,medium,15,0.0337,28.14,15,0.0,0,0,7,1
INC-00337,2026-05-29T19:32:00.552880+00:00,fabrikam-clinic,prod,identity,Sev2,high,17,0.0107,70.29,53,0.0,0,0,15,1
INC-00338,2026-03-15T20:26:00.552888+00:00,contoso-retail,prod,vm,Sev3,high,23,0.0273,57.42,9,0.0,49,0,0,1
INC-00339,2026-05-15T10:14:00.552896+00:00,northwind-campus,prod,appservice,Sev3,medium,19,0.0212,34.94,13,0.0,0,0,5,0
INC-00340,2026-05-27T05:41:00.552904+00:00,fabrikam-clinic,prod,vm,Sev2,high,21,0.0604,20.62,18,0.0,35,0,0,1
INC-00341,2026-03-08T19:51:00.552913+00:00,northwind-campus,prod,storage,Sev1,medium,19,0.0134,84.69,12,0.0,0,0,0,1
INC-00342,2026-05-25T11:30:00.552921+00:00,northwind-campus,prod,identity,Sev2,medium,23,0.0666,41.23,37,0.0,0,0,1,0
INC-00343,2026-03-23T21:13:00.552929+00:00,fabrikam-clinic,prod,vm,Sev2,high,11,0.0312,46.46,7,0.0,25,0,0,1
INC-00344,2026-05-25T01:10:00.552938+00:00,northwind-campus,prod,appservice,Sev3,medium,4,0.0072,62.22,11,0.0,0,0,12,1
INC-00345,2026-03-21T00:38:00.552946+00:00,northwind-campus,prod,appservice,Sev4,medium,10,0.1341,21.71,7,0.0,0,0,7,1
INC-00346,2026-04-12T18:04:00.552955+00:00,northwind-campus,prod,sql,Sev4,medium,6,0.0144,44.05,13,49.48,0,0,0,0
INC-00347,2026-03-15T04:06:00.552963+00:00,fabrikam-clinic,prod,identity,Sev3,high,13,0.0425,40.77,51,0.0,0,0,15,1
INC-00348,2026-05-23T01:47:00.552972+00:00,northwind-campus,prod,appservice,Sev3,medium,7,0.051,38.92,7,0.0,0,1,6,0
INC-00349,2026-03-24T03:37:00.552980+00:00,northwind-campus,prod,appservice,Sev2,medium,13,0.0491,35.23,3,0.0,0,0,3,1
INC-00350,2026-04-10T10:08:00.552988+00:00,northwind-campus,stage,sql,Sev4,medium,16,0.0107,31.8,3,71.62,0,0,0,0
INC-00351,2026-04-03T03:21:00.552997+00:00,northwind-campus,prod,storage,Sev3,medium,3,0.0209,57.76,12,0.0,0,0,0,0
INC-00352,2026-05-28T07:32:00.553005+00:00,fabrikam-clinic,prod,appservice,Sev2,high,6,0.0392,94.42,9,0.0,0,0,9,1
INC-00353,2026-05-27T03:12:00.553013+00:00,contoso-retail,dev,vm,Sev2,high,16,0.0258,60.6,15,0.0,46,0,0,1
INC-00354,2026-05-01T10:59:00.553022+00:00,northwind-campus,prod,identity,Sev2,medium,14,0.0495,42.79,56,0.0,0,0,15,1
INC-00355,2026-04-06T10:04:00.553032+00:00,fabrikam-clinic,prod,sql,Sev1,high,8,0.0227,85.58,1,55.19,0,0,0,1
INC-00356,2026-03-08T04:16:00.553040+00:00,northwind-campus,prod,storage,Sev1,medium,17,0.0514,86.16,2,0.0,0,0,0,0
INC-00357,2026-03-16T13:54:00.553049+00:00,fabrikam-clinic,prod,identity,Sev4,high,19,0.0289,62.97,77,0.0,0,0,12,1
INC-00358,2026-05-17T14:19:00.553058+00:00,contoso-retail,prod,appservice,Sev3,high,13,0.0055,39.94,14,0.0,0,1,4,1
INC-00359,2026-05-13T13:39:00.553066+00:00,northwind-campus,prod,vm,Sev4,medium,10,0.0654,76.55,8,0.0,46,0,0,0
INC-00360,2026-05-18T09:03:00.553076+00:00,contoso-retail,prod,storage,Sev4,high,17,0.02,25.47,5,0.0,0,0,0,1
INC-00361,2026-05-29T09:48:00.553085+00:00,contoso-retail,stage,sql,Sev4,high,14,0.0715,64.84,5,34.15,0,0,0,0
INC-00362,2026-03-06T22:43:00.553093+00:00,contoso-retail,prod,storage,Sev2,high,23,0.0135,44.97,17,0.0,0,0,0,1
INC-00363,2026-03-22T10:50:00.553102+00:00,fabrikam-clinic,prod,vm,Sev2,high,3,0.0339,68.33,9,0.0,50,0,0,1
INC-00364,2026-05-08T05:12:00.553110+00:00,fabrikam-clinic,prod,appservice,Sev4,high,10,0.0104,55.85,12,0.0,0,0,15,0
INC-00365,2026-05-08T12:13:00.553118+00:00,northwind-campus,prod,vm,Sev3,medium,2,0.052,76.08,11,0.0,18,0,0,1
INC-00366,2026-03-04T13:59:00.553126+00:00,contoso-retail,prod,appservice,Sev1,high,21,0.0853,49.95,5,0.0,0,0,11,1
INC-00367,2026-06-02T00:25:00.553135+00:00,northwind-campus,prod,appservice,Sev2,medium,3,0.0776,27.24,12,0.0,0,0,9,1
INC-00368,2026-04-20T02:35:00.553143+00:00,northwind-campus,prod,vm,Sev2,medium,12,0.1859,46.09,7,0.0,17,0,0,0
INC-00369,2026-04-13T11:57:00.553151+00:00,fabrikam-clinic,prod,sql,Sev4,high,15,0.0753,64.74,18,40.29,0,0,0,0
INC-00370,2026-03-30T23:02:00.553159+00:00,contoso-retail,prod,vm,Sev3,high,2,0.0537,47.36,10,0.0,5,0,0,0
INC-00371,2026-03-25T09:49:00.553167+00:00,contoso-retail,prod,appservice,Sev2,high,2,0.0413,31.81,0,0.0,0,0,0,0
INC-00372,2026-04-12T10:48:00.553175+00:00,fabrikam-clinic,prod,appservice,Sev4,high,20,0.1088,30.14,8,0.0,0,0,7,0
INC-00373,2026-04-11T03:02:00.553184+00:00,fabrikam-clinic,prod,sql,Sev3,high,13,0.0494,40.43,14,22.39,0,0,0,0
INC-00374,2026-03-07T00:54:00.553192+00:00,fabrikam-clinic,dev,appservice,Sev3,high,6,0.0776,50.31,4,0.0,0,0,10,1
INC-00375,2026-05-15T13:14:00.553200+00:00,contoso-retail,prod,sql,Sev4,high,5,0.0079,80.5,13,69.63,0,0,0,0
INC-00376,2026-05-11T21:44:00.553208+00:00,fabrikam-clinic,prod,identity,Sev2,high,7,0.0158,38.19,70,0.0,0,0,3,1
INC-00377,2026-03-25T11:25:00.553216+00:00,fabrikam-clinic,stage,storage,Sev2,high,24,0.1599,67.6,2,0.0,0,0,0,1
INC-00378,2026-04-09T05:02:00.553225+00:00,fabrikam-clinic,dev,vm,Sev4,high,17,0.0747,62.67,10,0.0,20,0,0,1
INC-00379,2026-04-06T11:40:00.553233+00:00,fabrikam-clinic,prod,appservice,Sev3,high,1,0.0483,60.84,0,0.0,0,0,15,0
INC-00380,2026-04-02T00:00:00.553241+00:00,northwind-campus,prod,vm,Sev2,medium,23,0.0661,61.37,9,0.0,1,0,0,0
INC-00381,2026-05-13T19:36:00.553249+00:00,northwind-campus,prod,appservice,Sev2,medium,11,0.0098,27.9,18,0.0,0,1,14,1
INC-00382,2026-05-19T23:04:00.553257+00:00,fabrikam-clinic,stage,identity,Sev2,high,1,0.1031,38.6,31,0.0,0,0,1,0
INC-00383,2026-03-05T05:09:00.553266+00:00,northwind-campus,prod,storage,Sev2,medium,3,0.0073,33.08,4,0.0,0,0,0,0
INC-00384,2026-03-11T02:59:00.553275+00:00,northwind-campus,stage,identity,Sev2,medium,23,0.0435,82.87,35,0.0,0,0,2,1
INC-00385,2026-05-03T11:11:00.553283+00:00,northwind-campus,prod,storage,Sev2,medium,15,0.0441,70.12,11,0.0,0,0,0,1
INC-00386,2026-05-06T01:47:00.553291+00:00,fabrikam-clinic,prod,identity,Sev4,high,16,0.1378,59.49,45,0.0,0,0,5,0
INC-00387,2026-04-26T18:10:00.553299+00:00,fabrikam-clinic,prod,identity,Sev2,high,2,0.0381,34.51,79,0.0,0,0,13,1
INC-00388,2026-04-26T01:17:00.553307+00:00,contoso-retail,prod,identity,Sev3,high,7,0.0665,71.74,22,0.0,0,0,13,0
INC-00389,2026-03-18T23:36:00.553315+00:00,northwind-campus,prod,vm,Sev2,medium,1,0.124,41.62,4,0.0,40,0,0,0
INC-00390,2026-05-09T16:52:00.553323+00:00,fabrikam-clinic,prod,vm,Sev2,high,16,0.0732,35.71,16,0.0,46,0,0,1
INC-00391,2026-03-09T18:16:00.553331+00:00,contoso-retail,stage,appservice,Sev1,high,14,0.0867,89.6,12,0.0,0,0,4,1
INC-00392,2026-05-21T07:03:00.553340+00:00,northwind-campus,prod,vm,Sev4,medium,22,0.1015,20.5,5,0.0,8,0,0,0
INC-00393,2026-03-29T04:03:00.553348+00:00,fabrikam-clinic,prod,sql,Sev2,high,23,0.0248,89.34,9,60.32,0,0,0,0
INC-00394,2026-04-11T20:13:00.553356+00:00,contoso-retail,prod,vm,Sev3,high,3,0.0475,47.83,9,0.0,32,0,0,0
INC-00395,2026-05-20T08:05:00.553365+00:00,northwind-campus,prod,vm,Sev3,medium,6,0.0626,39.33,14,0.0,43,0,0,0
INC-00396,2026-05-07T13:13:00.553373+00:00,contoso-retail,prod,identity,Sev3,high,15,0.0028,50.86,74,0.0,0,0,3,1
INC-00397,2026-05-24T03:36:00.553381+00:00,northwind-campus,prod,sql,Sev2,medium,17,0.0986,43.34,13,23.09,0,0,0,1
INC-00398,2026-04-11T06:13:00.553390+00:00,fabrikam-clinic,prod,sql,Sev2,high,0,0.008,39.1,10,51.71,0,0,0,1
INC-00399,2026-05-29T23:49:00.553398+00:00,fabrikam-clinic,prod,vm,Sev2,high,11,0.0333,72.18,8,0.0,30,0,0,0
INC-00400,2026-04-26T19:25:00.553407+00:00,northwind-campus,prod,vm,Sev2,medium,17,0.0223,53.4,9,0.0,16,0,0,0
INC-00401,2026-04-19T21:15:00.553415+00:00,contoso-retail,stage,storage,Sev2,high,16,0.008,34.99,18,0.0,0,0,0,1
INC-00402,2026-05-09T15:57:00.553424+00:00,contoso-retail,dev,storage,Sev1,high,12,0.0446,42.3,18,0.0,0,0,0,0
INC-00403,2026-03-30T16:20:00.553432+00:00,fabrikam-clinic,prod,identity,Sev4,high,3,0.0079,41.48,55,0.0,0,0,0,0
INC-00404,2026-04-14T19:09:00.553440+00:00,northwind-campus,prod,vm,Sev2,medium,17,0.0221,69.32,2,0.0,42,0,0,1
INC-00405,2026-04-16T21:19:00.553448+00:00,contoso-retail,stage,storage,Sev2,high,5,0.0181,65.46,1,0.0,0,0,0,0
INC-00406,2026-03-22T22:42:00.553457+00:00,northwind-campus,stage,vm,Sev4,medium,4,0.0889,49.74,0,0.0,10,0,0,0
INC-00407,2026-05-22T11:12:00.553466+00:00,northwind-campus,dev,appservice,Sev2,medium,8,0.0087,44.23,3,0.0,0,0,7,1
INC-00408,2026-04-16T18:12:00.553474+00:00,fabrikam-clinic,prod,appservice,Sev2,high,19,0.0373,32.57,15,0.0,0,1,9,1
INC-00409,2026-04-30T17:53:00.553483+00:00,fabrikam-clinic,dev,appservice,Sev2,high,16,0.0982,83.87,13,0.0,0,1,2,0
INC-00410,2026-04-29T15:59:00.553491+00:00,northwind-campus,dev,appservice,Sev4,medium,6,0.0165,28.11,14,0.0,0,0,3,1
INC-00411,2026-04-14T03:29:00.553499+00:00,northwind-campus,prod,sql,Sev4,medium,20,0.0088,73.79,8,68.79,0,0,0,1
INC-00412,2026-03-06T07:22:00.553507+00:00,contoso-retail,prod,vm,Sev2,high,3,0.1113,67.49,8,0.0,45,0,0,1
INC-00413,2026-06-01T06:22:00.553516+00:00,fabrikam-clinic,prod,sql,Sev3,high,19,0.1643,56.0,10,74.68,0,0,0,1
INC-00414,2026-05-30T01:21:00.553525+00:00,contoso-retail,prod,appservice,Sev1,high,12,0.0048,23.65,2,0.0,0,0,4,1
INC-00415,2026-04-07T04:16:00.553533+00:00,contoso-retail,prod,vm,Sev3,high,8,0.0366,56.73,3,0.0,23,0,0,1
INC-00416,2026-04-23T19:27:00.553541+00:00,contoso-retail,prod,sql,Sev4,high,13,0.0062,54.58,14,46.24,0,0,0,0
INC-00417,2026-03-07T21:23:00.553550+00:00,fabrikam-clinic,prod,appservice,Sev4,high,2,0.026,69.23,0,0.0,0,1,3,0
INC-00418,2026-05-15T02:42:00.553558+00:00,contoso-retail,stage,appservice,Sev3,high,4,0.0436,60.47,8,0.0,0,0,0,0
INC-00419,2026-04-19T19:56:00.553566+00:00,contoso-retail,prod,appservice,Sev2,high,17,0.0483,91.78,9,0.0,0,0,4,0
INC-00420,2026-03-20T19:17:00.553575+00:00,northwind-campus,prod,sql,Sev4,medium,23,0.009,70.32,12,63.38,0,0,0,0
INC-00421,2026-04-24T15:22:00.553583+00:00,northwind-campus,prod,appservice,Sev1,medium,9,0.0603,67.72,11,0.0,0,0,6,0
INC-00422,2026-05-29T18:20:00.553591+00:00,northwind-campus,prod,appservice,Sev3,medium,0,0.1124,44.32,16,0.0,0,1,5,0
INC-00423,2026-03-29T13:35:00.553600+00:00,northwind-campus,prod,sql,Sev1,medium,6,0.0253,85.69,5,28.97,0,0,0,0
INC-00424,2026-04-11T06:36:00.553608+00:00,fabrikam-clinic,stage,appservice,Sev4,high,17,0.0103,62.66,2,0.0,0,1,5,1
INC-00425,2026-04-14T21:32:00.553616+00:00,northwind-campus,prod,sql,Sev2,medium,0,0.0492,78.87,7,35.71,0,0,0,1
INC-00426,2026-05-29T23:35:00.553626+00:00,northwind-campus,prod,storage,Sev2,medium,6,0.0043,42.36,18,0.0,0,0,0,1
INC-00427,2026-04-15T15:22:00.553635+00:00,fabrikam-clinic,prod,appservice,Sev4,high,11,0.0363,46.63,10,0.0,0,1,8,1
INC-00428,2026-05-19T13:51:00.553644+00:00,northwind-campus,prod,sql,Sev2,medium,20,0.0623,91.6,3,36.21,0,0,0,0
INC-00429,2026-05-02T19:10:00.553652+00:00,fabrikam-clinic,prod,sql,Sev3,high,9,0.072,64.3,18,58.68,0,0,0,0
INC-00430,2026-04-14T04:49:00.553660+00:00,northwind-campus,prod,sql,Sev4,medium,22,0.1402,42.72,6,42.68,0,0,0,0
INC-00431,2026-03-30T17:14:00.553668+00:00,northwind-campus,stage,storage,Sev1,medium,23,0.0014,51.47,16,0.0,0,0,0,0
INC-00432,2026-04-07T00:28:00.553677+00:00,contoso-retail,prod,sql,Sev3,high,19,0.013,66.42,5,76.61,0,0,0,0
INC-00433,2026-04-26T06:01:00.553685+00:00,contoso-retail,prod,vm,Sev3,high,24,0.0425,44.96,18,0.0,50,0,0,0
INC-00434,2026-03-19T03:29:00.553693+00:00,northwind-campus,prod,vm,Sev2,medium,6,0.0863,52.54,12,0.0,2,0,0,1
INC-00435,2026-03-17T15:36:00.553701+00:00,fabrikam-clinic,prod,vm,Sev3,high,14,0.046,61.27,1,0.0,13,0,0,1
INC-00436,2026-05-01T22:24:00.553710+00:00,fabrikam-clinic,stage,sql,Sev2,high,17,0.0568,88.51,5,88.93,0,0,0,1
INC-00437,2026-05-09T02:14:00.553719+00:00,contoso-retail,prod,sql,Sev3,high,10,0.0082,43.71,13,34.55,0,0,0,1
INC-00438,2026-03-15T01:40:00.553727+00:00,contoso-retail,dev,appservice,Sev1,high,10,0.0527,67.08,17,0.0,0,1,5,1
INC-00439,2026-03-28T10:11:00.553735+00:00,fabrikam-clinic,prod,sql,Sev4,high,5,0.0122,50.3,12,49.63,0,0,0,0
INC-00440,2026-04-17T09:20:00.553745+00:00,fabrikam-clinic,stage,vm,Sev2,high,6,0.0082,69.9,7,0.0,12,0,0,0
INC-00441,2026-04-16T18:29:00.553753+00:00,northwind-campus,prod,identity,Sev1,medium,10,0.0685,43.26,46,0.0,0,0,0,1
INC-00442,2026-04-09T17:55:00.553761+00:00,fabrikam-clinic,prod,appservice,Sev3,high,24,0.0228,73.23,7,0.0,0,1,0,1
INC-00443,2026-04-02T10:34:00.553769+00:00,fabrikam-clinic,prod,vm,Sev2,high,13,0.1005,48.92,11,0.0,38,0,0,0
INC-00444,2026-03-25T10:54:00.553778+00:00,northwind-campus,prod,sql,Sev2,medium,2,0.0405,59.18,12,42.78,0,0,0,0
INC-00445,2026-04-16T16:29:00.553786+00:00,fabrikam-clinic,prod,vm,Sev2,high,20,0.0157,53.67,11,0.0,7,0,0,1
INC-00446,2026-05-09T13:59:00.553795+00:00,northwind-campus,stage,sql,Sev2,medium,7,0.0361,45.62,6,39.48,0,0,0,0
INC-00447,2026-05-14T18:18:00.553804+00:00,northwind-campus,prod,appservice,Sev3,medium,6,0.0938,29.83,3,0.0,0,0,3,0
INC-00448,2026-05-07T06:30:00.553815+00:00,fabrikam-clinic,stage,appservice,Sev2,high,19,0.033,68.28,16,0.0,0,0,14,0
INC-00449,2026-06-03T10:58:00.553824+00:00,northwind-campus,prod,sql,Sev2,medium,11,0.0123,81.21,13,81.9,0,0,0,0
INC-00450,2026-04-10T11:50:00.553832+00:00,fabrikam-clinic,prod,identity,Sev1,high,24,0.0623,80.0,45,0.0,0,0,11,1
INC-00451,2026-05-17T08:15:00.553840+00:00,fabrikam-clinic,prod,identity,Sev3,high,17,0.0639,53.31,77,0.0,0,0,9,1
INC-00452,2026-03-31T04:26:00.553849+00:00,fabrikam-clinic,prod,identity,Sev3,high,17,0.0249,84.06,68,0.0,0,0,6,1
INC-00453,2026-06-01T03:29:00.553857+00:00,fabrikam-clinic,prod,appservice,Sev3,high,8,0.0345,38.2,5,0.0,0,0,5,0
INC-00454,2026-03-15T14:38:00.553865+00:00,fabrikam-clinic,prod,appservice,Sev3,high,7,0.0517,57.34,8,0.0,0,0,6,0
INC-00455,2026-04-10T00:39:00.553873+00:00,contoso-retail,prod,identity,Sev3,high,22,0.0118,48.63,41,0.0,0,0,5,0
INC-00456,2026-05-02T02:02:00.553881+00:00,contoso-retail,prod,vm,Sev2,high,0,0.0148,91.74,17,0.0,28,0,0,1
INC-00457,2026-04-03T18:00:00.553889+00:00,fabrikam-clinic,prod,storage,Sev3,high,0,0.0007,66.16,5,0.0,0,0,0,0
INC-00458,2026-04-17T20:55:00.553897+00:00,fabrikam-clinic,prod,sql,Sev2,high,16,0.0009,67.73,10,42.78,0,0,0,1
INC-00459,2026-05-04T04:15:00.553905+00:00,northwind-campus,prod,storage,Sev1,medium,20,0.029,77.52,4,0.0,0,0,0,0
INC-00460,2026-05-30T05:48:00.553913+00:00,fabrikam-clinic,prod,sql,Sev3,high,4,0.0461,40.1,10,47.0,0,0,0,0
INC-00461,2026-03-27T03:07:00.553921+00:00,fabrikam-clinic,stage,vm,Sev3,high,22,0.0713,51.79,4,0.0,12,0,0,0
INC-00462,2026-04-25T17:47:00.553930+00:00,northwind-campus,prod,appservice,Sev4,medium,6,0.0171,39.41,7,0.0,0,1,7,0
INC-00463,2026-03-06T18:59:00.553940+00:00,northwind-campus,prod,sql,Sev2,medium,9,0.034,70.47,13,23.25,0,0,0,0
INC-00464,2026-03-22T23:33:00.553949+00:00,fabrikam-clinic,prod,vm,Sev3,high,16,0.0166,44.17,15,0.0,24,0,0,0
INC-00465,2026-03-23T17:25:00.553957+00:00,northwind-campus,prod,sql,Sev4,medium,19,0.0143,39.99,9,73.08,0,0,0,0
INC-00466,2026-03-12T04:49:00.553966+00:00,contoso-retail,dev,sql,Sev1,high,4,0.0007,29.38,13,46.69,0,0,0,0
INC-00467,2026-04-23T08:47:00.553974+00:00,northwind-campus,prod,storage,Sev3,medium,5,0.0685,50.94,12,0.0,0,0,0,1
INC-00468,2026-04-10T09:12:00.553983+00:00,fabrikam-clinic,stage,appservice,Sev1,high,13,0.1166,59.28,12,0.0,0,0,4,1
INC-00469,2026-04-09T12:11:00.553992+00:00,contoso-retail,prod,identity,Sev3,high,14,0.0407,66.17,47,0.0,0,0,12,0
INC-00470,2026-05-24T00:56:00.554000+00:00,northwind-campus,dev,vm,Sev3,medium,16,0.0006,60.49,12,0.0,16,0,0,0
INC-00471,2026-04-29T12:40:00.554008+00:00,contoso-retail,stage,sql,Sev2,high,3,0.0189,58.95,10,39.5,0,0,0,0
INC-00472,2026-06-02T05:30:00.554016+00:00,fabrikam-clinic,prod,sql,Sev3,high,0,0.0293,89.82,5,60.82,0,0,0,0
INC-00473,2026-04-26T20:14:00.554026+00:00,fabrikam-clinic,prod,vm,Sev2,high,22,0.1129,72.46,7,0.0,41,0,0,1
INC-00474,2026-06-02T12:35:00.554034+00:00,northwind-campus,prod,vm,Sev2,medium,20,0.0491,41.38,11,0.0,38,0,0,1
INC-00475,2026-05-08T13:04:00.554042+00:00,contoso-retail,prod,appservice,Sev3,high,10,0.0346,76.4,5,0.0,0,0,7,0
INC-00476,2026-04-01T04:55:00.554050+00:00,northwind-campus,prod,appservice,Sev3,medium,22,0.1358,34.3,3,0.0,0,1,10,1
INC-00477,2026-05-23T08:28:00.554059+00:00,fabrikam-clinic,prod,appservice,Sev3,high,2,0.0094,61.27,7,0.0,0,0,9,0
INC-00478,2026-04-26T23:44:00.554068+00:00,contoso-retail,prod,appservice,Sev3,high,6,0.0006,48.39,0,0.0,0,0,5,1
INC-00479,2026-04-18T16:07:00.554076+00:00,fabrikam-clinic,stage,appservice,Sev3,high,22,0.0424,89.95,0,0.0,0,0,10,1
INC-00480,2026-04-13T10:36:00.554086+00:00,northwind-campus,stage,vm,Sev3,medium,5,0.0795,42.22,18,0.0,37,0,0,1
INC-00481,2026-05-23T03:01:00.554093+00:00,fabrikam-clinic,prod,vm,Sev2,high,17,0.0586,51.98,2,0.0,35,0,0,1
INC-00482,2026-05-22T03:52:00.554102+00:00,fabrikam-clinic,prod,appservice,Sev2,high,9,0.0943,59.52,6,0.0,0,1,8,1
INC-00483,2026-04-01T22:40:00.554110+00:00,contoso-retail,prod,vm,Sev3,high,6,0.1679,70.4,2,0.0,50,0,0,1
INC-00484,2026-04-02T23:06:00.554119+00:00,northwind-campus,prod,sql,Sev3,medium,22,0.0088,77.88,15,70.7,0,0,0,1
INC-00485,2026-06-03T05:04:00.554127+00:00,fabrikam-clinic,dev,identity,Sev3,high,12,0.0547,59.36,71,0.0,0,0,9,1
INC-00486,2026-03-13T02:30:00.554135+00:00,northwind-campus,prod,storage,Sev4,medium,21,0.0537,87.23,10,0.0,0,0,0,1
INC-00487,2026-03-11T14:20:00.554143+00:00,fabrikam-clinic,prod,appservice,Sev3,high,23,0.0378,52.12,3,0.0,0,1,1,0
INC-00488,2026-04-25T15:35:00.554152+00:00,fabrikam-clinic,prod,vm,Sev2,high,12,0.0528,53.09,16,0.0,42,0,0,1
INC-00489,2026-05-02T08:26:00.554160+00:00,fabrikam-clinic,dev,sql,Sev1,high,3,0.0169,44.46,15,33.85,0,0,0,0
INC-00490,2026-03-18T00:13:00.554168+00:00,contoso-retail,prod,sql,Sev3,high,3,0.0246,22.31,6,42.38,0,0,0,0
INC-00491,2026-03-11T10:15:00.554177+00:00,northwind-campus,prod,sql,Sev4,medium,4,0.1221,49.34,12,91.43,0,0,0,0
INC-00492,2026-03-09T22:00:00.554186+00:00,fabrikam-clinic,prod,appservice,Sev4,high,17,0.0387,36.01,15,0.0,0,0,11,0
INC-00493,2026-03-28T04:51:00.554193+00:00,northwind-campus,prod,identity,Sev2,medium,8,0.0427,54.11,71,0.0,0,0,2,1
INC-00494,2026-03-08T15:04:00.554202+00:00,contoso-retail,prod,storage,Sev1,high,23,0.0353,50.32,15,0.0,0,0,0,1
INC-00495,2026-05-27T03:19:00.554210+00:00,northwind-campus,stage,sql,Sev3,medium,20,0.0298,47.81,3,64.78,0,0,0,0
INC-00496,2026-04-08T09:06:00.554217+00:00,contoso-retail,prod,vm,Sev3,high,11,0.0059,42.76,4,0.0,38,0,0,1
INC-00497,2026-05-10T20:32:00.554225+00:00,contoso-retail,prod,vm,Sev2,high,11,0.0033,53.6,6,0.0,31,0,0,0
INC-00498,2026-05-14T07:08:00.554234+00:00,northwind-campus,prod,sql,Sev2,medium,21,0.0028,59.09,5,43.14,0,0,0,0
INC-00499,2026-05-12T08:35:00.554241+00:00,contoso-retail,prod,sql,Sev2,high,2,0.011,79.15,3,41.78,0,0,0,0
INC-00500,2026-05-17T09:30:00.554249+00:00,fabrikam-clinic,stage,sql,Sev4,high,3,0.0148,59.23,5,42.91,0,0,0,0
INC-00501,2026-05-15T15:41:00.554257+00:00,contoso-retail,prod,identity,Sev2,high,23,0.0281,79.98,21,0.0,0,0,14,0
INC-00502,2026-04-13T08:49:00.554265+00:00,fabrikam-clinic,prod,vm,Sev2,high,12,0.098,25.55,17,0.0,13,0,0,0
INC-00503,2026-04-18T00:28:00.554273+00:00,northwind-campus,prod,appservice,Sev4,medium,2,0.018,59.86,9,0.0,0,0,5,0
INC-00504,2026-03-15T09:09:00.554281+00:00,contoso-retail,prod,appservice,Sev1,high,1,0.0048,65.04,6,0.0,0,1,5,1
INC-00505,2026-04-03T04:50:00.554289+00:00,contoso-retail,stage,appservice,Sev3,high,20,0.0847,52.63,7,0.0,0,1,9,0
INC-00506,2026-05-11T13:57:00.554297+00:00,northwind-campus,prod,identity,Sev2,medium,4,0.1027,46.63,35,0.0,0,0,11,0
INC-00507,2026-03-25T15:48:00.554305+00:00,fabrikam-clinic,stage,sql,Sev2,high,24,0.038,91.29,7,38.77,0,0,0,1
INC-00508,2026-03-18T19:24:00.554313+00:00,fabrikam-clinic,prod,appservice,Sev4,high,4,0.0379,44.49,1,0.0,0,0,1,0
INC-00509,2026-04-05T05:00:00.554321+00:00,northwind-campus,prod,identity,Sev3,medium,1,0.0363,25.23,21,0.0,0,0,15,0
INC-00510,2026-03-10T07:55:00.554329+00:00,contoso-retail,prod,appservice,Sev3,high,5,0.0077,28.19,14,0.0,0,1,7,0
INC-00511,2026-05-13T00:11:00.554337+00:00,contoso-retail,prod,appservice,Sev3,high,24,0.0152,54.14,2,0.0,0,1,14,1
INC-00512,2026-05-05T18:10:00.554345+00:00,fabrikam-clinic,prod,vm,Sev3,high,13,0.0108,48.33,10,0.0,5,0,0,0
INC-00513,2026-04-25T14:26:00.554353+00:00,northwind-campus,prod,sql,Sev2,medium,16,0.0432,68.74,8,51.32,0,0,0,0
INC-00514,2026-03-11T16:35:00.554361+00:00,contoso-retail,prod,vm,Sev3,high,20,0.0468,50.31,4,0.0,43,0,0,1
INC-00515,2026-04-21T19:25:00.554369+00:00,fabrikam-clinic,dev,appservice,Sev4,high,11,0.0699,69.04,6,0.0,0,0,12,0
INC-00516,2026-04-23T11:12:00.554377+00:00,contoso-retail,prod,appservice,Sev1,high,0,0.0144,84.81,14,0.0,0,0,0,0
INC-00517,2026-05-29T17:20:00.554385+00:00,northwind-campus,stage,identity,Sev2,medium,21,0.0565,60.03,20,0.0,0,0,0,1
INC-00518,2026-06-02T03:57:00.554393+00:00,fabrikam-clinic,prod,sql,Sev3,high,21,0.0186,89.45,1,32.12,0,0,0,1
INC-00519,2026-03-10T11:20:00.554401+00:00,northwind-campus,prod,identity,Sev4,medium,2,0.0726,43.77,64,0.0,0,0,14,0
INC-00520,2026-03-14T23:25:00.554410+00:00,contoso-retail,prod,appservice,Sev4,high,18,0.0493,46.19,5,0.0,0,0,6,0
INC-00521,2026-05-02T22:37:00.554418+00:00,contoso-retail,prod,sql,Sev3,high,20,0.1281,43.19,11,82.35,0,0,0,1
INC-00522,2026-05-14T14:56:00.554426+00:00,contoso-retail,prod,sql,Sev2,high,18,0.0153,52.86,0,49.84,0,0,0,0
INC-00523,2026-03-11T08:49:00.554434+00:00,fabrikam-clinic,dev,appservice,Sev1,high,0,0.0948,76.06,5,0.0,0,1,1,0
INC-00524,2026-05-05T03:36:00.554442+00:00,contoso-retail,dev,sql,Sev3,high,19,0.2049,84.8,11,16.01,0,0,0,0
INC-00525,2026-03-06T12:20:00.554450+00:00,fabrikam-clinic,dev,appservice,Sev4,high,7,0.0461,80.01,16,0.0,0,1,4,1
INC-00526,2026-04-13T02:47:00.554458+00:00,fabrikam-clinic,dev,identity,Sev3,high,1,0.0067,41.96,41,0.0,0,0,1,0
INC-00527,2026-04-21T15:24:00.554466+00:00,northwind-campus,prod,identity,Sev3,medium,21,0.0468,90.85,28,0.0,0,0,12,1
INC-00528,2026-05-15T16:32:00.554475+00:00,contoso-retail,prod,sql,Sev3,high,24,0.0108,56.71,16,22.01,0,0,0,0
INC-00529,2026-03-14T10:33:00.554482+00:00,fabrikam-clinic,prod,appservice,Sev3,high,23,0.021,84.2,1,0.0,0,1,11,1
INC-00530,2026-04-21T04:35:00.554491+00:00,contoso-retail,prod,sql,Sev2,high,19,0.1545,57.48,13,46.4,0,0,0,0
INC-00531,2026-05-28T12:02:00.554499+00:00,northwind-campus,prod,appservice,Sev4,medium,7,0.0235,58.17,12,0.0,0,0,9,0
INC-00532,2026-05-14T21:48:00.554507+00:00,fabrikam-clinic,prod,vm,Sev3,high,3,0.0932,52.5,18,0.0,27,0,0,0
INC-00533,2026-04-15T03:09:00.554515+00:00,fabrikam-clinic,stage,sql,Sev1,high,10,0.0041,76.53,7,63.75,0,0,0,0
INC-00534,2026-04-27T20:24:00.554522+00:00,northwind-campus,stage,storage,Sev3,medium,20,0.0404,86.45,3,0.0,0,0,0,1
INC-00535,2026-04-29T03:19:00.554530+00:00,contoso-retail,prod,identity,Sev4,high,12,0.2176,77.02,30,0.0,0,0,10,1
INC-00536,2026-03-29T00:20:00.554538+00:00,fabrikam-clinic,prod,appservice,Sev3,high,15,0.0414,71.8,0,0.0,0,1,8,0
INC-00537,2026-03-28T06:50:00.554546+00:00,contoso-retail,stage,appservice,Sev2,high,19,0.0989,56.4,5,0.0,0,1,3,1
INC-00538,2026-03-18T11:18:00.554554+00:00,fabrikam-clinic,prod,sql,Sev2,high,0,0.0322,53.79,8,84.94,0,0,0,0
INC-00539,2026-04-30T09:18:00.554562+00:00,fabrikam-clinic,prod,vm,Sev4,high,19,0.0018,59.93,14,0.0,44,0,0,1
INC-00540,2026-04-22T13:59:00.554570+00:00,northwind-campus,prod,vm,Sev1,medium,13,0.1116,53.31,12,0.0,10,0,0,1
INC-00541,2026-03-17T18:31:00.554578+00:00,contoso-retail,prod,vm,Sev3,high,6,0.0309,54.59,0,0.0,42,0,0,1
INC-00542,2026-03-24T03:48:00.554586+00:00,fabrikam-clinic,dev,appservice,Sev3,high,17,0.1689,67.99,13,0.0,0,0,9,0
INC-00543,2026-06-02T10:44:00.554594+00:00,northwind-campus,prod,appservice,Sev3,medium,17,0.1042,46.05,12,0.0,0,1,6,1
INC-00544,2026-03-17T10:48:00.554601+00:00,fabrikam-clinic,prod,appservice,Sev3,high,10,0.0737,43.01,10,0.0,0,1,4,0
INC-00545,2026-04-02T00:55:00.554609+00:00,fabrikam-clinic,prod,sql,Sev1,high,18,0.0302,32.14,8,43.07,0,0,0,1
INC-00546,2026-03-30T08:57:00.554618+00:00,northwind-campus,prod,appservice,Sev2,medium,24,0.0567,34.5,10,0.0,0,0,12,0
INC-00547,2026-03-17T04:45:00.554626+00:00,northwind-campus,prod,vm,Sev3,medium,23,0.1,54.02,8,0.0,44,0,0,1
INC-00548,2026-05-16T10:02:00.554633+00:00,contoso-retail,prod,appservice,Sev2,high,21,0.024,40.62,18,0.0,0,1,3,1
INC-00549,2026-06-01T15:08:00.554641+00:00,northwind-campus,prod,appservice,Sev2,medium,23,0.0098,56.52,2,0.0,0,0,12,1
INC-00550,2026-04-21T01:20:00.554649+00:00,contoso-retail,prod,appservice,Sev3,high,19,0.0761,56.78,7,0.0,0,1,6,1
INC-00551,2026-05-24T09:06:00.554657+00:00,northwind-campus,prod,identity,Sev4,medium,15,0.0946,60.28,57,0.0,0,0,11,1
INC-00552,2026-03-14T07:28:00.554665+00:00,fabrikam-clinic,stage,appservice,Sev2,high,7,0.0477,54.93,4,0.0,0,1,12,1
INC-00553,2026-04-21T13:35:00.554672+00:00,fabrikam-clinic,prod,identity,Sev3,high,22,0.0103,46.37,41,0.0,0,0,15,1
INC-00554,2026-05-10T15:20:00.554681+00:00,northwind-campus,dev,appservice,Sev3,medium,15,0.0227,42.78,0,0.0,0,1,7,0
INC-00555,2026-03-09T17:06:00.554689+00:00,contoso-retail,prod,appservice,Sev3,high,5,0.0301,45.04,2,0.0,0,0,1,0
INC-00556,2026-05-17T20:20:00.554697+00:00,contoso-retail,prod,vm,Sev3,high,15,0.1351,30.56,4,0.0,47,0,0,1
INC-00557,2026-05-29T12:30:00.554705+00:00,contoso-retail,prod,appservice,Sev2,high,10,0.1216,70.03,10,0.0,0,0,11,1
INC-00558,2026-05-02T16:56:00.554713+00:00,fabrikam-clinic,prod,vm,Sev2,high,22,0.1345,52.02,6,0.0,7,0,0,1
INC-00559,2026-04-07T05:09:00.554720+00:00,northwind-campus,stage,vm,Sev3,medium,8,0.014,52.43,3,0.0,8,0,0,0
INC-00560,2026-04-15T08:50:00.554730+00:00,contoso-retail,prod,appservice,Sev3,high,4,0.0617,63.59,5,0.0,0,1,5,0
INC-00561,2026-03-21T04:54:00.554738+00:00,fabrikam-clinic,stage,appservice,Sev3,high,0,0.0932,42.9,8,0.0,0,1,0,1
INC-00562,2026-05-30T06:48:00.554746+00:00,fabrikam-clinic,stage,sql,Sev3,high,7,0.0249,95.31,15,61.73,0,0,0,0
INC-00563,2026-03-28T07:22:00.554754+00:00,contoso-retail,prod,sql,Sev2,high,2,0.1155,49.48,1,47.56,0,0,0,1
INC-00564,2026-03-19T17:32:00.554761+00:00,fabrikam-clinic,prod,storage,Sev3,high,15,0.102,42.45,4,0.0,0,0,0,0
INC-00565,2026-03-30T19:45:00.554769+00:00,fabrikam-clinic,prod,identity,Sev4,high,12,0.0338,31.47,60,0.0,0,0,9,1
INC-00566,2026-04-06T14:28:00.554777+00:00,northwind-campus,dev,sql,Sev3,medium,3,0.0056,57.54,17,87.63,0,0,0,1
INC-00567,2026-03-13T02:49:00.554785+00:00,fabrikam-clinic,prod,identity,Sev4,high,24,0.0065,72.22,56,0.0,0,0,5,0
INC-00568,2026-04-20T22:00:00.554793+00:00,fabrikam-clinic,prod,identity,Sev2,high,20,0.0742,71.1,5,0.0,0,0,12,0
INC-00569,2026-04-15T22:55:00.554801+00:00,northwind-campus,prod,sql,Sev4,medium,22,0.119,25.13,3,59.01,0,0,0,0
INC-00570,2026-04-09T15:34:00.554809+00:00,contoso-retail,prod,sql,Sev2,high,1,0.0005,46.82,2,25.08,0,0,0,1
INC-00571,2026-05-07T19:48:00.554817+00:00,northwind-campus,prod,identity,Sev3,medium,16,0.0245,77.67,30,0.0,0,0,13,0
INC-00572,2026-05-10T00:53:00.554825+00:00,fabrikam-clinic,prod,appservice,Sev4,high,17,0.0035,69.12,9,0.0,0,1,6,1
INC-00573,2026-03-17T14:50:00.554833+00:00,northwind-campus,prod,identity,Sev1,medium,9,0.0702,83.86,73,0.0,0,0,3,0
INC-00574,2026-04-23T19:00:00.554841+00:00,contoso-retail,prod,vm,Sev3,high,20,0.1673,50.78,16,0.0,33,0,0,1
INC-00575,2026-04-16T10:17:00.554848+00:00,contoso-retail,prod,identity,Sev1,high,21,0.0569,32.48,9,0.0,0,0,13,1
INC-00576,2026-05-11T17:54:00.554857+00:00,northwind-campus,prod,vm,Sev2,medium,12,0.0668,66.39,8,0.0,27,0,0,1
INC-00577,2026-03-17T18:06:00.554865+00:00,fabrikam-clinic,prod,appservice,Sev3,high,21,0.0107,72.1,16,0.0,0,1,15,1
INC-00578,2026-05-14T00:06:00.554873+00:00,fabrikam-clinic,prod,vm,Sev3,high,6,0.0099,89.27,11,0.0,44,0,0,1
INC-00579,2026-06-03T10:30:00.554880+00:00,contoso-retail,prod,sql,Sev2,high,16,0.0393,49.76,18,32.82,0,0,0,1
INC-00580,2026-03-17T17:18:00.554888+00:00,northwind-campus,prod,storage,Sev3,medium,14,0.0104,51.16,9,0.0,0,0,0,0
INC-00581,2026-04-10T16:35:00.554896+00:00,contoso-retail,prod,vm,Sev3,high,5,0.0203,70.98,0,0.0,13,0,0,0
INC-00582,2026-04-03T01:53:00.554904+00:00,contoso-retail,prod,identity,Sev3,high,8,0.0856,19.65,44,0.0,0,0,0,0
INC-00583,2026-03-10T01:22:00.554911+00:00,fabrikam-clinic,prod,appservice,Sev3,high,6,0.0012,65.65,15,0.0,0,1,0,0
INC-00584,2026-06-02T00:52:00.554919+00:00,northwind-campus,dev,sql,Sev3,medium,6,0.0442,53.18,7,34.94,0,0,0,0
INC-00585,2026-04-20T15:00:00.554927+00:00,northwind-campus,prod,identity,Sev4,medium,4,0.0393,44.29,69,0.0,0,0,5,0
INC-00586,2026-04-12T14:47:00.554935+00:00,contoso-retail,prod,vm,Sev2,high,18,0.0236,46.36,6,0.0,10,0,0,1
INC-00587,2026-04-12T21:36:00.554943+00:00,northwind-campus,dev,vm,Sev4,medium,1,0.0813,60.67,3,0.0,6,0,0,0
INC-00588,2026-04-27T10:31:00.554951+00:00,contoso-retail,prod,sql,Sev1,high,3,0.0398,80.31,1,26.81,0,0,0,0
INC-00589,2026-05-13T09:15:00.554959+00:00,fabrikam-clinic,prod,sql,Sev3,high,13,0.0394,88.9,15,15.68,0,0,0,1
INC-00590,2026-05-04T04:05:00.554968+00:00,northwind-campus,prod,appservice,Sev4,medium,17,0.0036,72.86,6,0.0,0,0,1,0
INC-00591,2026-04-16T08:18:00.554975+00:00,northwind-campus,prod,vm,Sev3,medium,8,0.136,47.57,0,0.0,5,0,0,0
INC-00592,2026-04-27T10:41:00.554983+00:00,northwind-campus,prod,identity,Sev3,medium,17,0.0091,57.05,30,0.0,0,0,6,0
INC-00593,2026-03-17T09:22:00.554991+00:00,northwind-campus,prod,sql,Sev2,medium,21,0.0434,37.48,3,45.83,0,0,0,1
INC-00594,2026-04-07T03:26:00.554999+00:00,contoso-retail,prod,sql,Sev1,high,24,0.1262,36.18,0,62.84,0,0,0,1
INC-00595,2026-04-28T16:34:00.555007+00:00,northwind-campus,prod,storage,Sev4,medium,2,0.1768,62.4,3,0.0,0,0,0,0
INC-00596,2026-05-15T05:18:00.555014+00:00,contoso-retail,prod,appservice,Sev2,high,14,0.018,55.54,13,0.0,0,1,12,1
INC-00597,2026-05-19T23:33:00.555023+00:00,northwind-campus,prod,identity,Sev3,medium,11,0.0725,47.02,65,0.0,0,0,5,0
INC-00598,2026-05-29T19:37:00.555031+00:00,contoso-retail,dev,vm,Sev1,high,13,0.0282,87.6,1,0.0,50,0,0,1
INC-00599,2026-05-10T21:13:00.555044+00:00,northwind-campus,stage,vm,Sev3,medium,24,0.0766,54.82,10,0.0,37,0,0,0
INC-00600,2026-05-05T19:37:00.555053+00:00,fabrikam-clinic,prod,appservice,Sev2,high,8,0.079,62.09,14,0.0,0,1,6,1
INC-00601,2026-05-06T16:55:00.555061+00:00,contoso-retail,prod,appservice,Sev1,high,3,0.2089,50.19,5,0.0,0,1,0,0
INC-00602,2026-03-20T03:18:00.555069+00:00,northwind-campus,prod,storage,Sev3,medium,10,0.0353,53.83,3,0.0,0,0,0,0
INC-00603,2026-03-30T17:16:00.555077+00:00,contoso-retail,prod,storage,Sev2,high,7,0.0222,52.87,10,0.0,0,0,0,1
INC-00604,2026-05-16T02:55:00.555084+00:00,fabrikam-clinic,prod,appservice,Sev2,high,18,0.0517,74.04,13,0.0,0,0,1,1
INC-00605,2026-05-09T17:59:00.555092+00:00,northwind-campus,stage,sql,Sev1,medium,0,0.0885,42.26,0,72.66,0,0,0,1
INC-00606,2026-04-05T09:32:00.555100+00:00,fabrikam-clinic,prod,identity,Sev4,high,18,0.0017,56.6,71,0.0,0,0,9,1
INC-00607,2026-04-15T22:23:00.555108+00:00,northwind-campus,prod,vm,Sev2,medium,20,0.0282,28.16,2,0.0,12,0,0,0
INC-00608,2026-06-02T08:01:00.555116+00:00,fabrikam-clinic,prod,appservice,Sev4,high,1,0.0885,54.61,3,0.0,0,0,9,0
INC-00609,2026-04-01T10:07:00.555123+00:00,northwind-campus,prod,appservice,Sev3,medium,20,0.0409,50.19,12,0.0,0,0,14,1
INC-00610,2026-03-14T19:51:00.555131+00:00,contoso-retail,prod,vm,Sev3,high,18,0.0702,86.29,14,0.0,9,0,0,1
INC-00611,2026-05-17T16:04:00.555139+00:00,fabrikam-clinic,prod,identity,Sev3,high,23,0.2014,55.64,27,0.0,0,0,10,1
INC-00612,2026-05-26T03:33:00.555147+00:00,fabrikam-clinic,prod,vm,Sev4,high,24,0.0862,30.3,5,0.0,34,0,0,1
INC-00613,2026-05-24T03:23:00.555155+00:00,contoso-retail,dev,sql,Sev2,high,0,0.0662,38.57,7,40.6,0,0,0,0
INC-00614,2026-05-15T12:37:00.555162+00:00,fabrikam-clinic,prod,vm,Sev1,high,9,0.0238,83.55,16,0.0,0,0,0,0
INC-00615,2026-04-30T14:04:00.555171+00:00,contoso-retail,stage,appservice,Sev4,high,19,0.0877,55.8,3,0.0,0,1,4,0
INC-00616,2026-03-07T12:12:00.555179+00:00,fabrikam-clinic,prod,appservice,Sev3,high,22,0.0066,85.61,0,0.0,0,0,1,0
INC-00617,2026-04-04T09:35:00.555186+00:00,fabrikam-clinic,prod,vm,Sev3,high,1,0.0773,47.2,0,0.0,44,0,0,1
INC-00618,2026-05-18T09:34:00.555194+00:00,contoso-retail,prod,appservice,Sev3,high,6,0.023,38.23,6,0.0,0,0,5,1
INC-00619,2026-05-11T20:58:00.555203+00:00,contoso-retail,prod,vm,Sev3,high,2,0.0333,67.51,18,0.0,48,0,0,0
INC-00620,2026-04-04T06:58:00.555212+00:00,contoso-retail,stage,sql,Sev3,high,9,0.0199,94.34,8,19.06,0,0,0,0
INC-00621,2026-04-01T18:45:00.555219+00:00,contoso-retail,prod,appservice,Sev3,high,22,0.025,55.1,14,0.0,0,0,9,1
INC-00622,2026-05-25T19:13:00.555227+00:00,fabrikam-clinic,prod,appservice,Sev2,high,0,0.1042,42.09,5,0.0,0,0,12,0
INC-00623,2026-05-22T04:25:00.555235+00:00,fabrikam-clinic,stage,identity,Sev1,high,8,0.0442,42.82,3,0.0,0,0,10,1
INC-00624,2026-04-18T09:18:00.555243+00:00,northwind-campus,prod,sql,Sev4,medium,8,0.0272,72.9,11,52.47,0,0,0,0
INC-00625,2026-05-31T19:14:00.555251+00:00,fabrikam-clinic,prod,sql,Sev4,high,13,0.0566,59.91,15,55.55,0,0,0,1
INC-00626,2026-06-02T19:43:00.555259+00:00,contoso-retail,prod,appservice,Sev4,high,20,0.0738,72.54,0,0.0,0,0,14,0
INC-00627,2026-04-28T12:14:00.555267+00:00,fabrikam-clinic,prod,appservice,Sev2,high,16,0.0479,20.4,7,0.0,0,0,13,1
INC-00628,2026-03-21T12:58:00.555275+00:00,fabrikam-clinic,prod,identity,Sev2,high,11,0.0108,78.48,49,0.0,0,0,5,1
INC-00629,2026-03-12T22:40:00.555283+00:00,fabrikam-clinic,prod,identity,Sev4,high,7,0.0517,58.85,26,0.0,0,0,9,0
INC-00630,2026-03-21T05:46:00.555291+00:00,contoso-retail,prod,vm,Sev3,high,1,0.1304,59.61,4,0.0,46,0,0,0
INC-00631,2026-05-05T07:54:00.555299+00:00,contoso-retail,prod,storage,Sev3,high,4,0.136,78.44,15,0.0,0,0,0,1
INC-00632,2026-03-12T05:36:00.555307+00:00,northwind-campus,dev,vm,Sev1,medium,5,0.0197,93.52,5,0.0,40,0,0,1
INC-00633,2026-04-10T21:24:00.555314+00:00,fabrikam-clinic,prod,vm,Sev2,high,23,0.0265,20.74,2,0.0,6,0,0,1
INC-00634,2026-05-08T00:12:00.555323+00:00,contoso-retail,prod,sql,Sev3,high,20,0.0156,38.0,3,53.46,0,0,0,1
INC-00635,2026-04-27T05:26:00.555331+00:00,fabrikam-clinic,stage,appservice,Sev4,high,9,0.1238,62.94,16,0.0,0,0,13,1
INC-00636,2026-03-09T23:29:00.555339+00:00,contoso-retail,prod,sql,Sev3,high,2,0.0154,61.56,9,57.47,0,0,0,0
INC-00637,2026-03-12T13:29:00.555347+00:00,northwind-campus,prod,vm,Sev3,medium,15,0.0642,46.82,10,0.0,4,0,0,1
INC-00638,2026-05-09T00:00:00.555355+00:00,fabrikam-clinic,prod,appservice,Sev3,high,2,0.1448,31.87,14,0.0,0,0,5,1
INC-00639,2026-05-14T02:34:00.555363+00:00,northwind-campus,prod,sql,Sev2,medium,23,0.0273,61.17,14,73.66,0,0,0,0
INC-00640,2026-05-08T11:21:00.555373+00:00,fabrikam-clinic,prod,vm,Sev4,high,16,0.0247,52.96,18,0.0,39,0,0,1
INC-00641,2026-03-28T16:52:00.555380+00:00,fabrikam-clinic,prod,storage,Sev2,high,20,0.0172,34.61,15,0.0,0,0,0,1
INC-00642,2026-05-13T23:21:00.555388+00:00,contoso-retail,dev,storage,Sev4,high,21,0.0788,47.67,2,0.0,0,0,0,0
INC-00643,2026-03-22T14:36:00.555396+00:00,northwind-campus,prod,identity,Sev2,medium,4,0.031,56.44,6,0.0,0,0,6,0
INC-00644,2026-04-23T23:24:00.555404+00:00,northwind-campus,prod,vm,Sev1,medium,11,0.2995,73.99,3,0.0,12,0,0,1
INC-00645,2026-05-17T23:24:00.555411+00:00,contoso-retail,stage,appservice,Sev3,high,24,0.0355,52.78,16,0.0,0,0,1,0
INC-00646,2026-03-16T10:37:00.555419+00:00,northwind-campus,stage,identity,Sev2,medium,21,0.0509,32.98,69,0.0,0,0,8,1
INC-00647,2026-04-21T04:40:00.555427+00:00,northwind-campus,prod,sql,Sev3,medium,3,0.0578,43.7,3,92.02,0,0,0,0
INC-00648,2026-06-01T12:45:00.555435+00:00,contoso-retail,stage,appservice,Sev2,high,21,0.0985,71.99,7,0.0,0,1,7,0
INC-00649,2026-04-20T03:10:00.555443+00:00,northwind-campus,prod,vm,Sev2,medium,23,0.0572,71.66,5,0.0,6,0,0,0
INC-00650,2026-03-25T05:18:00.555451+00:00,contoso-retail,prod,appservice,Sev1,high,19,0.0721,84.3,5,0.0,0,1,13,1
INC-00651,2026-04-01T05:15:00.555459+00:00,northwind-campus,prod,appservice,Sev4,medium,12,0.095,62.85,0,0.0,0,1,13,1
INC-00652,2026-04-17T15:38:00.555467+00:00,contoso-retail,prod,appservice,Sev3,high,9,0.0541,51.29,6,0.0,0,0,9,0
INC-00653,2026-03-16T03:20:00.555477+00:00,contoso-retail,prod,sql,Sev2,high,14,0.0845,70.78,12,51.35,0,0,0,0
INC-00654,2026-04-03T17:55:00.555485+00:00,fabrikam-clinic,prod,appservice,Sev3,high,3,0.0718,20.6,14,0.0,0,0,6,0
INC-00655,2026-05-13T10:52:00.555493+00:00,northwind-campus,prod,vm,Sev3,medium,14,0.0346,39.76,12,0.0,33,0,0,1
INC-00656,2026-03-06T10:45:00.555501+00:00,contoso-retail,prod,sql,Sev3,high,17,0.0092,38.55,4,59.63,0,0,0,1
INC-00657,2026-04-13T20:05:00.555510+00:00,northwind-campus,prod,appservice,Sev2,medium,24,0.0187,33.79,6,0.0,0,0,10,1
INC-00658,2026-03-30T18:00:00.555518+00:00,contoso-retail,prod,appservice,Sev2,high,4,0.0558,46.34,0,0.0,0,0,3,0
INC-00659,2026-03-30T06:32:00.555526+00:00,contoso-retail,stage,sql,Sev2,high,18,0.0923,72.92,17,49.51,0,0,0,0
INC-00660,2026-05-31T12:47:00.555534+00:00,northwind-campus,prod,sql,Sev3,medium,7,0.0595,56.98,15,84.62,0,0,0,0
INC-00661,2026-03-11T18:37:00.555542+00:00,contoso-retail,prod,appservice,Sev4,high,2,0.059,48.06,8,0.0,0,0,11,0
INC-00662,2026-04-25T18:23:00.555550+00:00,fabrikam-clinic,prod,sql,Sev2,high,2,0.0091,53.31,12,63.83,0,0,0,0
INC-00663,2026-05-07T03:29:00.555558+00:00,contoso-retail,prod,sql,Sev2,high,20,0.1259,76.16,13,53.23,0,0,0,0
INC-00664,2026-03-21T08:49:00.555567+00:00,contoso-retail,prod,sql,Sev2,high,20,0.021,60.45,11,66.32,0,0,0,1
INC-00665,2026-03-27T16:34:00.555574+00:00,contoso-retail,prod,vm,Sev4,high,7,0.0264,52.88,7,0.0,11,0,0,0
INC-00666,2026-04-23T14:33:00.555583+00:00,contoso-retail,prod,appservice,Sev2,high,14,0.004,81.2,8,0.0,0,1,9,1
INC-00667,2026-03-09T12:24:00.555592+00:00,northwind-campus,dev,appservice,Sev2,medium,8,0.1565,57.6,4,0.0,0,0,1,0
INC-00668,2026-03-14T17:13:00.555600+00:00,fabrikam-clinic,prod,storage,Sev1,high,16,0.0299,42.33,10,0.0,0,0,0,1
INC-00669,2026-05-31T05:18:00.555608+00:00,contoso-retail,dev,appservice,Sev2,high,22,0.0541,41.15,1,0.0,0,0,2,1
INC-00670,2026-04-26T02:37:00.555615+00:00,contoso-retail,prod,appservice,Sev4,high,16,0.0317,29.49,18,0.0,0,0,6,0
INC-00671,2026-04-09T13:19:00.555623+00:00,contoso-retail,prod,sql,Sev4,high,18,0.0247,33.91,15,92.9,0,0,0,0
INC-00672,2026-05-30T10:09:00.555632+00:00,fabrikam-clinic,prod,sql,Sev3,high,20,0.0206,37.98,13,31.0,0,0,0,0
INC-00673,2026-05-11T11:52:00.555639+00:00,contoso-retail,prod,identity,Sev2,high,5,0.0084,49.43,56,0.0,0,0,2,1
INC-00674,2026-03-24T09:46:00.555648+00:00,contoso-retail,dev,sql,Sev3,high,17,0.114,50.73,5,44.87,0,0,0,1
INC-00675,2026-04-03T02:04:00.555656+00:00,contoso-retail,prod,appservice,Sev3,high,7,0.0861,59.76,12,0.0,0,1,1,1
INC-00676,2026-04-12T14:16:00.555664+00:00,fabrikam-clinic,prod,appservice,Sev2,high,21,0.0136,47.47,2,0.0,0,1,10,1
INC-00677,2026-05-02T12:29:00.555672+00:00,fabrikam-clinic,prod,vm,Sev3,high,5,0.0715,82.16,11,0.0,7,0,0,0
INC-00678,2026-03-22T16:59:00.555679+00:00,contoso-retail,prod,vm,Sev1,high,11,0.0809,51.51,8,0.0,8,0,0,1
INC-00679,2026-05-24T05:01:00.555687+00:00,contoso-retail,prod,sql,Sev1,high,11,0.1521,75.58,3,54.27,0,0,0,0
INC-00680,2026-03-26T23:54:00.555697+00:00,fabrikam-clinic,dev,appservice,Sev2,high,0,0.0273,27.22,10,0.0,0,1,8,0
INC-00681,2026-05-17T00:47:00.555705+00:00,fabrikam-clinic,prod,appservice,Sev2,high,1,0.0506,32.36,4,0.0,0,1,1,0
INC-00682,2026-03-30T21:14:00.555712+00:00,fabrikam-clinic,prod,appservice,Sev4,high,17,0.0267,77.62,18,0.0,0,0,3,0
INC-00683,2026-05-18T22:05:00.555721+00:00,fabrikam-clinic,prod,sql,Sev4,high,8,0.0534,49.49,4,78.81,0,0,0,0
INC-00684,2026-05-20T20:26:00.555729+00:00,fabrikam-clinic,prod,appservice,Sev2,high,9,0.0939,75.35,7,0.0,0,0,14,1
INC-00685,2026-04-18T22:30:00.555737+00:00,northwind-campus,prod,appservice,Sev1,medium,3,0.0534,18.3,0,0.0,0,0,6,0
INC-00686,2026-04-08T16:17:00.555745+00:00,northwind-campus,prod,identity,Sev3,medium,19,0.0139,46.81,71,0.0,0,0,5,0
INC-00687,2026-03-27T20:18:00.555753+00:00,northwind-campus,stage,identity,Sev2,medium,2,0.0993,24.23,9,0.0,0,0,7,0
INC-00688,2026-05-27T22:56:00.555762+00:00,fabrikam-clinic,prod,appservice,Sev2,high,22,0.0407,86.52,13,0.0,0,0,1,1
INC-00689,2026-03-17T12:04:00.555770+00:00,northwind-campus,prod,identity,Sev2,medium,18,0.0505,18.11,0,0.0,0,0,13,1
INC-00690,2026-03-13T13:35:00.555778+00:00,contoso-retail,prod,identity,Sev4,high,4,0.0302,55.42,55,0.0,0,0,12,0
INC-00691,2026-03-06T02:48:00.555785+00:00,northwind-campus,dev,storage,Sev2,medium,14,0.0502,62.33,5,0.0,0,0,0,0
INC-00692,2026-05-29T01:22:00.555793+00:00,contoso-retail,prod,appservice,Sev3,high,15,0.0347,46.3,18,0.0,0,1,13,0
INC-00693,2026-05-01T03:52:00.555801+00:00,northwind-campus,prod,sql,Sev3,medium,9,0.0214,50.03,1,68.58,0,0,0,0
INC-00694,2026-03-11T13:57:00.555809+00:00,northwind-campus,prod,appservice,Sev2,medium,3,0.0536,84.05,6,0.0,0,0,11,1
INC-00695,2026-03-31T11:27:00.555818+00:00,fabrikam-clinic,dev,sql,Sev3,high,14,0.0212,59.32,14,40.12,0,0,0,1
INC-00696,2026-03-07T06:16:00.555826+00:00,northwind-campus,prod,appservice,Sev3,medium,23,0.1108,84.74,15,0.0,0,0,0,0
INC-00697,2026-05-31T13:39:00.555833+00:00,fabrikam-clinic,prod,vm,Sev3,high,17,0.0933,69.65,16,0.0,31,0,0,1
INC-00698,2026-05-27T19:26:00.555841+00:00,contoso-retail,dev,identity,Sev3,high,24,0.1086,32.27,4,0.0,0,0,12,1
INC-00699,2026-03-26T06:25:00.555849+00:00,fabrikam-clinic,prod,sql,Sev3,high,0,0.111,41.64,5,75.33,0,0,0,1
INC-00700,2026-04-29T11:59:00.555857+00:00,northwind-campus,prod,sql,Sev1,medium,15,0.1035,65.61,1,46.87,0,0,0,1
INC-00701,2026-04-11T09:00:00.555866+00:00,northwind-campus,prod,vm,Sev3,medium,8,0.0095,50.95,10,0.0,28,0,0,1
INC-00702,2026-03-11T20:07:00.555873+00:00,contoso-retail,prod,sql,Sev2,high,23,0.0971,42.93,12,49.02,0,0,0,0
INC-00703,2026-03-23T00:26:00.555881+00:00,contoso-retail,prod,vm,Sev1,high,15,0.0605,77.27,12,0.0,21,0,0,1
INC-00704,2026-04-08T01:13:00.555889+00:00,northwind-campus,prod,vm,Sev3,medium,19,0.1088,53.62,3,0.0,50,0,0,1
INC-00705,2026-05-28T18:26:00.555897+00:00,fabrikam-clinic,prod,identity,Sev4,high,19,0.0007,51.75,42,0.0,0,0,14,1
INC-00706,2026-04-06T14:04:00.555905+00:00,contoso-retail,prod,vm,Sev4,high,5,0.023,58.43,4,0.0,1,0,0,0
INC-00707,2026-04-12T05:52:00.555913+00:00,northwind-campus,prod,appservice,Sev2,medium,16,0.0408,39.55,17,0.0,0,0,13,1
INC-00708,2026-05-05T23:05:00.555921+00:00,northwind-campus,stage,sql,Sev2,medium,5,0.0577,38.99,16,31.62,0,0,0,0
INC-00709,2026-04-08T12:38:00.555930+00:00,contoso-retail,stage,sql,Sev2,high,12,0.0754,96.13,16,66.93,0,0,0,1
INC-00710,2026-03-23T09:23:00.555937+00:00,fabrikam-clinic,prod,storage,Sev2,high,11,0.0344,63.28,6,0.0,0,0,0,1
INC-00711,2026-05-19T01:31:00.555945+00:00,fabrikam-clinic,dev,appservice,Sev1,high,24,0.0018,48.7,13,0.0,0,0,0,1
INC-00712,2026-04-05T18:09:00.555953+00:00,contoso-retail,prod,sql,Sev3,high,4,0.0122,66.79,12,55.94,0,0,0,0
INC-00713,2026-04-08T06:56:00.555961+00:00,contoso-retail,dev,appservice,Sev2,high,10,0.0673,74.79,10,0.0,0,1,12,1
INC-00714,2026-04-16T00:14:00.555969+00:00,northwind-campus,prod,appservice,Sev2,medium,10,0.0529,77.96,2,0.0,0,0,6,0
INC-00715,2026-05-12T03:18:00.555977+00:00,fabrikam-clinic,prod,vm,Sev3,high,22,0.0292,64.29,13,0.0,35,0,0,1
INC-00716,2026-05-13T22:11:00.555984+00:00,contoso-retail,prod,storage,Sev3,high,5,0.0601,50.34,9,0.0,0,0,0,0
INC-00717,2026-05-06T13:19:00.555992+00:00,northwind-campus,prod,appservice,Sev2,medium,16,0.0525,56.17,11,0.0,0,0,7,1
INC-00718,2026-03-21T01:29:00.556000+00:00,northwind-campus,prod,appservice,Sev3,medium,14,0.0837,76.02,16,0.0,0,0,4,1
INC-00719,2026-05-18T14:26:00.556009+00:00,northwind-campus,prod,vm,Sev3,medium,7,0.0656,43.36,13,0.0,14,0,0,0
INC-00720,2026-03-27T03:10:00.556018+00:00,northwind-campus,prod,appservice,Sev2,medium,23,0.0138,33.36,15,0.0,0,0,2,1
INC-00721,2026-03-19T06:45:00.556026+00:00,contoso-retail,stage,vm,Sev1,high,21,0.0097,81.47,17,0.0,40,0,0,1
INC-00722,2026-03-24T10:56:00.556034+00:00,northwind-campus,prod,appservice,Sev3,medium,12,0.1248,53.0,6,0.0,0,0,10,0
INC-00723,2026-03-04T20:42:00.556042+00:00,fabrikam-clinic,prod,identity,Sev3,high,17,0.0349,77.83,5,0.0,0,0,7,0
INC-00724,2026-03-04T15:05:00.556050+00:00,northwind-campus,prod,appservice,Sev3,medium,2,0.0415,54.87,1,0.0,0,0,4,0
INC-00725,2026-03-12T09:02:00.556058+00:00,northwind-campus,prod,identity,Sev3,medium,4,0.0265,49.02,62,0.0,0,0,15,1
INC-00726,2026-05-23T02:29:00.556065+00:00,contoso-retail,stage,appservice,Sev3,high,14,0.0436,50.93,0,0.0,0,0,0,0
INC-00727,2026-05-22T09:40:00.556073+00:00,fabrikam-clinic,prod,vm,Sev4,high,6,0.0502,82.88,15,0.0,11,0,0,0
INC-00728,2026-05-15T04:01:00.556081+00:00,contoso-retail,prod,storage,Sev1,high,8,0.0292,47.7,10,0.0,0,0,0,1
INC-00729,2026-04-24T20:56:00.556089+00:00,northwind-campus,prod,appservice,Sev2,medium,24,0.0112,51.26,8,0.0,0,0,0,1
INC-00730,2026-05-02T09:40:00.556097+00:00,northwind-campus,prod,appservice,Sev3,medium,1,0.0431,27.19,5,0.0,0,1,15,1
INC-00731,2026-05-25T18:26:00.556105+00:00,northwind-campus,prod,sql,Sev2,medium,12,0.0209,51.42,16,37.67,0,0,0,0
INC-00732,2026-04-01T02:06:00.556113+00:00,northwind-campus,prod,vm,Sev2,medium,23,0.0096,52.44,15,0.0,34,0,0,1
INC-00733,2026-03-08T19:52:00.556120+00:00,contoso-retail,prod,vm,Sev2,high,15,0.0491,65.52,15,0.0,11,0,0,1
INC-00734,2026-03-12T01:08:00.556128+00:00,contoso-retail,prod,storage,Sev1,high,14,0.0387,80.05,2,0.0,0,0,0,1
INC-00735,2026-05-16T15:18:00.556136+00:00,contoso-retail,prod,sql,Sev3,high,8,0.0257,58.1,12,86.35,0,0,0,0
INC-00736,2026-03-17T19:59:00.556144+00:00,contoso-retail,stage,appservice,Sev3,high,20,0.0363,59.0,17,0.0,0,0,4,0
INC-00737,2026-03-21T02:48:00.556152+00:00,fabrikam-clinic,prod,sql,Sev3,high,6,0.076,46.2,0,53.02,0,0,0,1
INC-00738,2026-04-02T16:19:00.556160+00:00,northwind-campus,prod,appservice,Sev2,medium,11,0.0668,29.91,15,0.0,0,1,6,1
INC-00739,2026-05-07T07:09:00.556168+00:00,northwind-campus,dev,sql,Sev3,medium,2,0.0584,22.23,12,60.51,0,0,0,0
INC-00740,2026-03-31T12:09:00.556176+00:00,fabrikam-clinic,prod,vm,Sev4,high,18,0.0273,58.05,8,0.0,47,0,0,1
INC-00741,2026-05-24T23:53:00.556184+00:00,fabrikam-clinic,prod,appservice,Sev3,high,15,0.0484,75.5,8,0.0,0,0,9,0
INC-00742,2026-03-26T03:06:00.556192+00:00,northwind-campus,prod,identity,Sev2,medium,17,0.0668,75.3,22,0.0,0,0,2,1
INC-00743,2026-03-09T00:01:00.556200+00:00,contoso-retail,prod,storage,Sev2,high,11,0.0112,77.84,18,0.0,0,0,0,0
INC-00744,2026-04-24T13:51:00.556208+00:00,contoso-retail,prod,appservice,Sev3,high,8,0.0202,84.83,10,0.0,0,0,0,1
INC-00745,2026-05-27T00:37:00.556217+00:00,northwind-campus,stage,appservice,Sev4,medium,14,0.0808,22.86,0,0.0,0,0,4,1
INC-00746,2026-05-31T04:43:00.556225+00:00,northwind-campus,stage,sql,Sev3,medium,19,0.0529,20.64,2,35.67,0,0,0,0
INC-00747,2026-05-28T14:00:00.556233+00:00,fabrikam-clinic,prod,sql,Sev1,high,13,0.0368,31.89,7,35.47,0,0,0,1
INC-00748,2026-03-31T16:01:00.556241+00:00,contoso-retail,prod,appservice,Sev1,high,11,0.0454,41.27,0,0.0,0,0,11,0
INC-00749,2026-05-17T01:15:00.556248+00:00,contoso-retail,prod,identity,Sev3,high,9,0.0411,45.95,65,0.0,0,0,14,1
INC-00750,2026-05-02T04:44:00.556256+00:00,contoso-retail,prod,appservice,Sev4,high,6,0.0338,44.44,5,0.0,0,0,11,0
